id,sentence1,sentence2,true_label,bert_pred,bert_confidence,bert_prob_label_1,bert_correct,text_length_words,text_length_chars,has_negation,distilbert_pred,distilbert_confidence,distilbert_prob_label_1,distilbert_correct,category
0,He said the foodservice pie business doesn 't fit the company 's long-term growth strategy .,""" The foodservice pie business does not fit our long-term growth strategy .",1,1,0.933555543422699,0.933555543422699,1,29,167,1,1,0.9821403622627258,0.9821403622627258,1,both_correct
1,Magnarelli said Racicot hated the Iraqi regime and looked forward to using his long years of training in the war .,"His wife said he was "" 100 percent behind George Bush "" and looked forward to using his years of training in the war .",0,0,0.8898582458496094,0.1101418063044548,1,46,232,0,0,0.7201223373413086,0.2798776626586914,1,both_correct
2,"The dollar was at 116.92 yen against the yen , flat on the session , and at 1.2891 against the Swiss franc , also flat .","The dollar was at 116.78 yen JPY = , virtually flat on the session , and at 1.2871 against the Swiss franc CHF = , down 0.1 percent .",0,0,0.90839284658432,0.0916072204709053,1,55,253,0,0,0.8122231960296631,0.1877768039703369,1,both_correct
3,The AFL-CIO is waiting until October to decide if it will endorse a candidate .,The AFL-CIO announced Wednesday that it will decide in October whether to endorse a candidate before the primaries .,1,1,0.9040869474411012,0.9040869474411012,1,34,195,1,1,0.9241440296173096,0.9241440296173096,1,both_correct
4,No dates have been set for the civil or the criminal trial .,"No dates have been set for the criminal or civil cases , but Shanley has pleaded not guilty .",0,0,0.7817261815071106,0.2182738929986953,1,32,153,1,0,0.7301163673400879,0.2698836028575897,1,both_correct
5,Wal-Mart said it would check all of its million-plus domestic workers to ensure they were legally employed .,It has also said it would review all of its domestic employees more than 1 million to ensure they have legal status .,1,1,0.6257869005203247,0.6257869005203247,1,41,225,0,1,0.9726603627204896,0.9726603627204896,1,both_correct
6,"While dioxin levels in the environment were up last year , they have dropped by 75 percent since the 1970s , said Caswell .",The Institute said dioxin levels in the environment have fallen by as much as 76 percent since the 1970s .,0,1,0.9091169834136964,0.9091169834136964,0,44,229,0,1,0.8505421280860901,0.8505421280860901,0,both_wrong
7,"This integrates with Rational PurifyPlus and allows developers to work in supported versions of Java , Visual C # and Visual Basic .NET.","IBM said the Rational products were also integrated with Rational PurifyPlus , which allows developers to work in Java , Visual C # and VisualBasic .Net.",1,1,0.8876690864562988,0.8876690864562988,1,49,289,0,1,0.9811757206916808,0.9811757206916808,1,both_correct
8,"The top rate will go to 4.45 percent for all residents with taxable incomes above $ 500,000 .","For residents with incomes above $ 500,000 , the income-tax rate will increase to 4.45 percent .",1,1,0.8941924571990967,0.8941924571990967,1,35,189,0,1,0.9430218935012816,0.9430218935012816,1,both_correct
9,"The results appear in the January issue of Cancer , an American Cancer Society journal , being published online today .","The results appear in the January issue of Cancer , an American Cancer Society ( news - web sites ) journal , being published online Monday .",1,1,0.9306376576423644,0.9306376576423644,1,48,260,0,1,0.9814136028289796,0.9814136028289796,1,both_correct
10,"The delegates said raising and distributing funds has been complicated by the U.S. crackdown on jihadi charitable foundations , bank accounts of terror-related organizations and money transfers .","Bin Laden ’ s men pointed out that raising and distributing funds has been complicated by the U.S. crackdown on jihadi charitable foundations , bank accounts of terror-related organizations and money transfers .",1,1,0.9297457933425904,0.9297457933425904,1,61,406,1,1,0.98471337556839,0.98471337556839,1,both_correct
11,""" Sanitation is poor ... there could be typhoid and cholera , "" he said .",""" Sanitation is poor , drinking water is generally left behind . . . there could be typhoid and cholera . """,0,0,0.8839890360832214,0.1160109788179397,1,38,180,0,0,0.6834829449653625,0.3165171146392822,1,both_correct
12,"The broader Standard & Poor 's 500 Index .SPX gave up 11.91 points , or 1.19 percent , at 986.60 .","The technology-laced Nasdaq Composite Index was down 25.36 points , or 1.53 percent , at 1,628.26 .",0,0,0.9210458993911744,0.0789540782570838,1,38,197,1,0,0.8172948360443115,0.182705208659172,1,both_correct
13,"The only announced Republican to replace Davis is Rep. Darrell Issa of Vista , who has spent $ 1.71 million of his own money to force a recall .","So far the only declared major party candidate is Rep. Darrell Issa , a Republican who has spent $ 1.5 million of his own money to fund the recall .",1,1,0.771216094493866,0.771216094493866,1,59,292,1,1,0.7974197864532471,0.7974197864532471,1,both_correct
14,The decision to issue new guidance has been prompted by intelligence passed to Britain by the FBI in a secret briefing in late July .,Scotland Yard 's decision to issue new guidance has been prompted by new intelligence passed to Britain by the FBI in late July .,1,1,0.8957744836807251,0.8957744836807251,1,49,262,0,1,0.9800159335136414,0.9800159335136414,1,both_correct
15,"Unable to find a home for him , a judge told mental health authorities they needed to find supervised housing and treatment for DeVries somewhere in California .",The judge had told the state Department of Mental Health to find supervised housing and treatment for DeVries somewhere in California .,1,1,0.5582297444343567,0.5582297444343567,1,50,296,0,1,0.9355674982070924,0.9355674982070924,1,both_correct
16,"The decision came a year after Whipple ended federal oversight of the district 's racial balance , facilities , budget , and busing .","The decision came a year after Whipple ended federal oversight of school busing as well as the district 's racial balance , facilities and budget .",1,1,0.9339105486869812,0.9339105486869812,1,50,280,0,1,0.9773937463760376,0.9773937463760376,1,both_correct
17,"In midafternoon trading , the Nasdaq composite index was up 8.34 , or 0.5 percent , to 1,790.47 .","The Nasdaq Composite Index .IXIC dipped 8.59 points , or 0.48 percent , to 1,773.54 .",0,0,0.8749492168426514,0.1250507980585098,1,35,182,1,0,0.7760645747184753,0.2239354401826858,1,both_correct
18,"Morgan Stanley raised its rating on the beverage maker to "" overweight "" from "" equal-weight "" saying in part that pricing power with its bottlers should improve in 2004 .","Morgan Stanley raised its rating on the company to "" overweight "" from "" equal-weight , "" saying the beverage maker 's pricing power with bottlers should improve in 2004 .",1,1,0.9337084889411926,0.9337084889411926,1,62,342,0,1,0.9771299958229064,0.9771299958229064,1,both_correct
19,"The pound also made progress against the dollar , reached fresh three-year highs at $ 1.6789 .","The British pound flexed its muscle against the dollar , last up 1 percent at $ 1.6672 .",0,0,0.7677276134490967,0.2322724312543869,1,35,182,0,0,0.7132766842842102,0.2867233157157898,1,both_correct
20,"Friday , Stanford ( 47-15 ) blanked the Gamecocks 8-0 .",Stanford ( 46-15 ) has a team full of such players this season .,0,0,0.8859242796897888,0.1140757650136947,1,25,119,0,0,0.7357885837554932,0.2642113864421844,1,both_correct
21,Last month Intel raised its revenue guidance for the quarter to between $ 7.6 billion and $ 7.8 billion .,"At the end of the second quarter , Intel initially predicted sales of between $ 6.9 billion and $ 7.5 billion .",1,1,0.8307987451553345,0.8307987451553345,1,42,216,0,1,0.7398971319198608,0.7398971319198608,1,both_correct
22,"The driver , Eugene Rogers , helped to remove children from the bus , Wood said .","At the accident scene , the driver was "" covered in blood "" but helped to remove children , Wood said .",0,1,0.5910056829452515,0.5910056829452515,0,39,184,1,0,0.6628861427307129,0.3371138870716095,1,distilbert_only_correct
23,"ONG KONG , July 9 Tens of thousands of demonstrators gathered tonight before the legislature building here to call for free elections and the resignation of Hong Kong 's leader .",Tens of thousands of demonstrators gathered yesterday evening to stand before this city 's legislature building and call for free elections and the resignation of Hong Kong 's leader .,1,1,0.9292715787887572,0.9292715787887572,1,61,362,0,1,0.9802937507629396,0.9802937507629396,1,both_correct
24,"Saddam loyalists have been blamed for sabotaging the nation 's infrastructure , as well as frequent attacks on U.S. soldiers .",Hussein loyalists have been blamed for sabotaging the nation 's infrastructure and attacking US soldiers .,1,1,0.7107321619987488,0.7107321619987488,1,37,232,0,1,0.9657692313194276,0.9657692313194276,1,both_correct
25,Its closest living relatives are a family frogs called sooglossidae that are found only in the Seychelles in the Indian Ocean .,"Its closest relative is found in the Seychelles Archipelago , near Madagascar in the Indian Ocean .",1,0,0.7338263988494873,0.2661736011505127,0,39,226,0,0,0.575686514377594,0.4243134558200836,0,both_wrong
26,Cooley said he expects Muhammad will similarly be called as a witness at a pretrial hearing for Malvo .,Lee Boyd Malvo will be called as a witness Wednesday in a pretrial hearing for fellow sniper suspect John Allen Muhammad .,0,0,0.82504802942276,0.1749520152807235,1,41,225,0,1,0.5113140344619751,0.5113140344619751,0,bert_only_correct
27,""" Instead of pursuing the most imminent and real threats - international terrorists , "" Graham said , "" this Bush administration chose to settle old scores . """,""" Instead of pursuing the most imminent and real threats - international terrorists - this Bush administration has chosen to settle old scores , "" Graham said .",1,1,0.9344286322593688,0.9344286322593688,1,57,319,0,1,0.9809048175811768,0.9809048175811768,1,both_correct
28,He said they lied on a sworn affidavit that requires them to list prior marriages .,"Morgenthau said the women , all U.S. citizens , lied on a sworn affidavit that requires them to list prior marriages .",1,1,0.907936990261078,0.907936990261078,1,38,201,0,1,0.8084041476249695,0.8084041476249695,1,both_correct
29,"The association said 28.2 million DVDs were rented in the week that ended June 15 , compared with 27.3 million VHS cassettes .","The Video Software Dealers Association said 28.2 million DVDs were rented out last week , compared to 27.3 million VHS cassettes .",1,1,0.9192981719970704,0.9192981719970704,1,45,256,0,1,0.9710067510604858,0.9710067510604858,1,both_correct
30,"With these assets , Funny Cide has a solid chance to become the first Triple Crown winner since Affirmed in 1978 .",Funny Cide is looking to become horse racing 's first Triple Crown winner in a generation .,0,0,0.7846248745918274,0.2153750956058502,1,39,205,0,0,0.694957435131073,0.305042564868927,1,both_correct
31,"Intel was disappointed and assessing its "" options in the event Mr. Hamidi resumes his spamming activity against Intel , "" spokesman Chuck Mulloy said .","Intel spokesman Chuck Mulloy said the company was disappointed and assessing its "" options in the event Mr. Hamidi resumes his spamming activity against Intel . """,1,1,0.9357889890670776,0.9357889890670776,1,53,314,0,1,0.981058657169342,0.981058657169342,1,both_correct
32,"Mr Annan also warned the US should not use the war on terror as an excuse to suppress "" long-cherished freedoms "" .","Annan warned that the dangers of extremism after September 11 should not be used as an excuse to suppress "" long-cherished "" freedoms .",1,1,0.777873694896698,0.777873694896698,1,47,250,1,1,0.7511297464370728,0.7511297464370728,1,both_correct
33,"At community colleges , tuition will jump to $ 2,800 from $ 2,500 .","Community college students will see their tuition rise by $ 300 to $ 2,800 or 12 percent .",1,1,0.8893312215805054,0.8893312215805054,1,32,157,0,1,0.7112097144126892,0.7112097144126892,1,both_correct
34,He made a point of saying during Tuesdays debate that the Confederate flag was a racist symbol .,Though Dean made a point of saying during the debate that the Confederate flag is a racist symbol .,1,1,0.9308996796607972,0.9308996796607972,1,37,195,0,1,0.9809995889663696,0.9809995889663696,1,both_correct
35,"Bush wanted "" to see an aircraft landing the same way that the pilots saw an aircraft landing , "" White House press secretary Ari Fleischer said yesterday .","On Tuesday , before Byrd 's speech , Fleischer said Bush wanted ' ' to see an aircraft landing the same way that the pilots saw an aircraft landing .",0,1,0.907475769519806,0.907475769519806,0,59,305,0,1,0.9745356440544128,0.9745356440544128,0,both_wrong
36,"On Monday the Palestinian Prime Minister , Mahmoud Abbas , will report to the Palestinian parliament on his Government 's achievements in its first 100 days in office .",Palestinian Prime Minister Mahmoud Abbas must defend the record of his first 100 days in office before Parliament today as the death toll in the occupied territories continues to rise .,0,0,0.9303205013275146,0.0696794763207435,1,60,353,0,0,0.7408601641654968,0.2591398060321808,1,both_correct
37,"The civilian unemployment rate improved marginally last month -- slipping to 6.1 percent -- even as companies slashed payrolls by 93,000 .","The civilian unemployment rate improved marginally last month _ sliding down to 6.1 percent _ as companies slashed payrolls by 93,000 amid continuing mixed signals about the nation 's economic health .",0,0,0.9354667067527772,0.0645332932472229,1,54,339,1,0,0.772159993648529,0.2278400063514709,1,both_correct
38,"Per-user pricing is $ 29 for Workplace Messaging , $ 89 for Team Collaboration and $ 35 for Collaborative Learning .","Workplace Messaging is $ 29 , Workplace Team Collaboration is $ 89 , and Collaborative Learning is $ 35 .",1,1,0.6517546772956848,0.6517546772956848,1,41,221,0,1,0.830883800983429,0.830883800983429,1,both_correct
39,""" Instead of pursuing the most imminent and real threats – international terrorism – this Bush administration chose to settle old scores , "" Mr. Graham said .",""" Instead of pursuing the most imminent and real threats - international terrorists , "" Graham said , "" this Bush administration chose to settle old scores . """,1,1,0.9362048506736756,0.9362048506736756,1,57,317,0,1,0.9835512042045592,0.9835512042045592,1,both_correct
40,SARS has killed about 800 people and affected more than 8400 since being detected in China in November .,"SARS has killed about 800 people and sickened more than 8,400 worldwide , mostly in Asia .",0,0,0.676723301410675,0.3232766985893249,1,36,194,1,0,0.7687289714813232,0.2312710583209991,1,both_correct
41,Authorities had no evidence to suggest the two incidents were connected .,"There was no immediate evidence that the two incidents were connected , police said .",1,1,0.8934218883514404,0.8934218883514404,1,27,158,1,1,0.9654368162155152,0.9654368162155152,1,both_correct
42,""" Jeremy 's a good guy , "" Barber said , adding : "" Jeremy is living the dream life of the New York athlete .","He also said Shockey is "" living the dream life of a New York athlete .",0,0,0.9037440419197084,0.0962559953331947,1,42,180,0,1,0.5302340984344482,0.5302340984344482,0,bert_only_correct
43,"Ratliff 's daughters , Margaret and Martha Ratliff , were adopted by Peterson after their mother 's death .","Peterson helped raise Ratliff 's two daughters , Margaret and Martha Ratliff , who supported him throughout the trial .",0,0,0.8932127952575684,0.106787234544754,1,39,226,0,0,0.7033619284629822,0.2966380417346954,1,both_correct
44,"After losing as much as 84.56 earlier , the Dow Jones industrial average closed up 22.81 , or 0.2 percent , at 9,340.45 .","In midday trading , the Dow Jones industrial average lost 68.84 , or 0.7 percent , to 9,248.80 .",0,1,0.6511024832725525,0.6511024832725525,0,43,217,0,0,0.8348925709724426,0.1651074141263961,1,distilbert_only_correct
45,"Rumsfeld , who has been feuding for two years with Army leadership , passed over nine active-duty four-star generals .","Rumsfeld has been feuding for a long time with Army leadership , and he passed over nine active-duty four-star generals .",1,1,0.9266687035560608,0.9266687035560608,1,41,239,0,1,0.9776272773742676,0.9776272773742676,1,both_correct
46,"Consumers who said jobs are difficult to find jumped from 29.4 to 32.6 , while those claiming work was plentiful slipped from 13 to 12.6 .","Consumers who said jobs are difficult to find jumped to 32.6 from 29.4 , while those saying work was plentiful slipped to 12.6 from 13 in April .",1,1,0.7893757820129395,0.7893757820129395,1,54,283,0,1,0.9647760391235352,0.9647760391235352,1,both_correct
47,"He has no immediate plans for television advertising , believing it is unnecessary this early .",A Lieberman aide said there were no immediate plans for television advertising .,0,0,0.8937321305274963,0.1062679216265678,1,29,175,1,0,0.7210025787353516,0.2789974212646484,1,both_correct
48,""" I think it happened very quickly , "" Houston Police Department homicide investigator Phil Yochum said of the crime .",""" I think it happened very quickly , "" said Investigator Phil Yochum of the Houston Police Department 's homicide division .",1,1,0.8985558152198792,0.8985558152198792,1,43,242,0,1,0.9821877479553224,0.9821877479553224,1,both_correct
49,"United issued a statement saying it will "" work professionally and cooperatively with all its unions . ""","Senior vice president Sara Fields said the airline "" will work professionally and cooperatively with all our unions . """,1,0,0.5492699146270752,0.4507301449775696,0,38,223,0,1,0.9724304676055908,0.9724304676055908,1,distilbert_only_correct
50,""" But they never climb out of the pot of beer again . ""","It 's just that they never climb out of the beer again . """,1,1,0.8566032648086548,0.8566032648086548,1,28,113,1,1,0.9509732127189636,0.9509732127189636,1,both_correct
51,Chief financial officer Andy Bryant has said that hike had a greater affect volume than officials expected .,Bryant has said that hike had a greater effect on demand than officials expected .,1,1,0.755172073841095,0.755172073841095,1,33,190,0,1,0.9454442262649536,0.9454442262649536,1,both_correct
52,"Robert Liscouski , the Assistant Secretary of Homeland Security for Infrastructure Protection , will oversee NCSD .","NCSD 's chief will be Robert Liscouski , the assistant secretary of Homeland Security for Infrastructure Protection .",1,1,0.8881194591522217,0.8881194591522217,1,35,232,0,1,0.7549223303794861,0.7549223303794861,1,both_correct
53,"HP 's shipments increased 48 percent year-over-year , compared to an increase of 31 percent for Dell .","HPs shipments increased 48 per cent year-on-year , compared to an increase of 31 per cent for Dell .",1,1,0.932447910308838,0.932447910308838,1,37,202,0,1,0.958440124988556,0.958440124988556,1,both_correct
54,"Chirac , who can pardon a law-breaker , refused Humbert 's request last year but kept in close touch with the family .","Chirac , who has the authority to pardon law-breakers , refused Humbert 's request to be allowed to die last year but kept in close touch with the family .",1,1,0.8696080446243286,0.8696080446243286,1,53,273,1,1,0.9814963936805724,0.9814963936805724,1,both_correct
55,The charges allege that he was part of the conspiracy to kill and kidnap persons in a foreign country .,The government now charges that Sattar conspired with Rahman to kill and kidnap individuals in foreign countries .,1,1,0.7734305262565613,0.7734305262565613,1,38,217,1,1,0.9600539803504944,0.9600539803504944,1,both_correct
56,"In the 2002 study , the margin of error ranged from 1.8 to 4.4 percentage points .",It has a margin of error of plus or minus three to four percentage points .,1,0,0.5736008286476135,0.4263992011547088,0,33,157,0,0,0.6105480790138245,0.3894518911838531,0,both_wrong
57,"Mr. Clinton 's national security adviser , Sandy Berger , said that the White House wasn 't informed of the FBI activities .","Clinton ’ s national security adviser , Sandy Berger , said in an interview that the White House was not informed of the FBI activities .",1,1,0.926179826259613,0.926179826259613,1,49,261,1,1,0.98357093334198,0.98357093334198,1,both_correct
58,""" This decision is clearly incorrect , "" FTC Chairman Timothy Muris said in a written statement .","The decision is "" clearly incorrect , "" FTC Chairman Tim Muris said .",1,1,0.9287724494934082,0.9287724494934082,1,32,166,0,1,0.9822622537612916,0.9822622537612916,1,both_correct
59,Prosecutors allege that Nichols and co-conspirator Timothy McVeigh worked together to prepare a bomb that destroyed the Alfred P. Murrah Federal Building .,"Prosecutors allege that Nichols and coconspirator Timothy McVeigh worked together to prepare a 4,000-pound fuel-and-fertilizer bomb that destroyed the Murrah building .",1,1,0.8401634097099304,0.8401634097099304,1,45,323,0,1,0.8266517519950867,0.8266517519950867,1,both_correct
60,"Terri Schiavo , 39 , is expected to die sometime in the next two weeks in the Tampa-area hospice where she has spent the past several years .","Terri Schiavo , 39 , underwent the procedure at the Tampa Bay area hospice where she has been living for several years , said her father , Bob Schindler .",0,0,0.8394932150840759,0.1605067700147628,1,58,295,0,1,0.8131238222122192,0.8131238222122192,0,bert_only_correct
61,Secretary of State Colin Powell designated the Chechen leader believed responsible for last year 's hostage standoff in a Moscow theater as a threat to U.S. security Friday .,U.S. Secretary of State Colin Powell on Friday designated Chechen rebel leader Shamil Basayev a threat to the security of the United States and to U.S. citizens .,1,1,0.7922055125236511,0.7922055125236511,1,57,336,0,1,0.6909732818603516,0.6909732818603516,1,both_correct
62,""" Today , we are trying to convey this problem to Russian President Vladimir Putin and US President George W Bush . """,""" Today , we are trying to convey this problem to Russian President Vladimir Putin ( news - web sites ) and President Bush ( news - web sites ) . """,1,1,0.9338530898094176,0.9338530898094176,1,55,264,0,1,0.9829308390617372,0.9829308390617372,1,both_correct
63,That would be a potential setback to Chief Executive Phil Condit 's strategy of bolstering defense-related sales during a slump in jetliner deliveries .,The inquiry may hinder Chief Executive Phil Condit 's strategy of bolstering defense-related sales during a slump in jetliner deliveries .,1,1,0.909838855266571,0.909838855266571,1,45,290,0,1,0.5487627983093262,0.5487627983093262,1,both_correct
64,PeopleSoft also said its board had officially rejected Oracle 's offer .,"Thursday morning , PeopleSoft 's board rejected the Oracle takeover offer .",1,1,0.8875512480735779,0.8875512480735779,1,24,147,0,1,0.9241241216659546,0.9241241216659546,1,both_correct
65,"The Dow Jones industrial average ended the day down 10.89 at 9,837.94 , after advancing 111.04 Wednesday .","The Dow Jones industrial average fell 10.89 points , or 0.11 percent , to 9,837.94 .",0,1,0.580905020236969,0.580905020236969,0,34,190,0,0,0.8011923432350159,0.1988076418638229,1,distilbert_only_correct
66,Cortisol levels in the saliva of day care children were highest and rose most steeply in those judged by day care center personnel to be the shyest .,Cortisol levels in the saliva of day-care children were highest and rose most steeply in those whom day-care centre staffed judged to be the shyest .,1,1,0.930731236934662,0.930731236934662,1,54,298,0,1,0.9775478839874268,0.9775478839874268,1,both_correct
67,""" The idea that Tony Abbott is in some way a one-dimensional political head-kicker couldn 't be more wrong , "" Mr Howard said .",""" The idea that Tony Abbott is in some way a one-dimensional political head kicker couldn 't be more wrong . """,1,1,0.935045599937439,0.935045599937439,1,47,237,0,1,0.9808617234230042,0.9808617234230042,1,both_correct
68,""" Biotech products , if anything , may be safer than conventional products because of all the testing , "" Fraley said , adding that 18 countries have adopted biotechnology .",""" Biotech products , if anything , may be safer than conventional products because of all the testing , "" said Robert Fraley , Monsanto 's executive vice president .",0,1,0.5720250010490417,0.5720250010490417,0,61,338,1,0,0.6206425428390503,0.3793574273586273,1,distilbert_only_correct
69,"The rate of skin cancer has tripled since the 1950s in Norway and Sweden , according to the study .",The study also found that skin cancer nearly tripled in Norway and Sweden since the 1950s .,1,1,0.9201570153236388,0.9201570153236388,1,37,190,1,1,0.9729307293891908,0.9729307293891908,1,both_correct
70,"We acted because we saw the existing evidence in a new light , through the prism of our experience on 11 September , "" Rumsfeld said .","Rather , the US acted because the administration saw "" existing evidence in a new light , through the prism of our experience on September 11 "" .",1,1,0.8409587144851685,0.8409587144851685,1,55,279,0,1,0.9801769256591796,0.9801769256591796,1,both_correct
71,"Trans fat makes up only 1 percent to 3 percent of the total fat Americans consume , compared with 14 percent for saturated fat .","Trans fat accounts for 2.5 percent of Americans ' daily calories , compared to 11 percent to 12 percent for saturated fat .",1,1,0.5114936232566833,0.5114936232566833,1,48,251,0,0,0.6698040962219238,0.3301959335803985,0,bert_only_correct
72,"However , a recent slide in prices and OPEC 's expectations of a surge in oil inventories have compounded its fears about a further softening of the market .",A 14 percent slide in crude prices this month and expectations of a build up in oil inventories compounded OPEC 's fears of a further softening of the market .,1,1,0.8645839095115662,0.8645839095115662,1,59,316,1,1,0.9717973470687866,0.9717973470687866,1,both_correct
73,"Peterson , 31 , is now charged with murder in the deaths of his 27-year-old wife and their unborn son .","Peterson , 31 , is charged with two counts of first-degree murder in the slayings of his wife , Laci , and their unborn son , Conner .",1,1,0.8360099792480469,0.8360099792480469,1,49,237,1,1,0.954907476902008,0.954907476902008,1,both_correct
74,Carlson on Tuesday said he would not recuse himself from the case .,Service officials said Carlson refused to recuse himself from the case .,1,1,0.8390907049179077,0.8390907049179077,1,25,139,1,1,0.9212411046028136,0.9212411046028136,1,both_correct
75,"The program will grow to include ports in Dubai , Turkey and Malaysia , among others .","The program will be expanded to include areas of the Middle East such as Dubai , Turkey and Malaysia , Mr. Ridge said .",1,1,0.8536257147789001,0.8536257147789001,1,41,205,0,1,0.7858441472053528,0.7858441472053528,1,both_correct
76,"McCabe said he was considered a witness , not a suspect .",""" He is not considered a suspect , "" McCabe said .",0,1,0.6575756669044495,0.6575756669044495,0,24,107,1,1,0.9697045087814332,0.9697045087814332,0,both_wrong
77,"The woman was exposed to the SARS virus while in the hospital but was not a health care worker , said Dr. Colin D ’ Cunha , Ontario ’ s commissioner of public health .","The woman was exposed to the SARS virus while in the hospital but was not a health-care worker , said Dr Colin D 'Cunha , Ontario 's commissioner of public health .",1,1,0.9317463040351868,0.9317463040351868,1,67,331,1,1,0.9777652621269226,0.9777652621269226,1,both_correct
78,"He added that those "" are not solely American principles , nor are they exclusively Western . """,""" These are not solely American principles nor are they exclusively Western , "" Rumsfeld said .",1,1,0.8979485034942627,0.8979485034942627,1,35,190,1,1,0.9767747521400452,0.9767747521400452,1,both_correct
79,""" If we don 't march into Tehran , I think we will be in pretty good shape , "" he said .",""" As long as we don 't march on Tehran , I think we are going to be in pretty good shape , "" he said .",1,1,0.9055784940719604,0.9055784940719604,1,50,190,0,1,0.9703741669654846,0.9703741669654846,1,both_correct
80,"On Saturday , a 149mph serve against Agassi equalled Rusedski 's world record .","On Saturday , Roddick equalled the world record with a 149 m.p.h. serve in beating Andre Agassi .",0,1,0.5755928158760071,0.5755928158760071,0,32,176,0,1,0.6851127743721008,0.6851127743721008,0,both_wrong
81,"Chad Kolton , emergency management spokesman with the Department of Homeland Security , said the government is open to new technologies and methods to communicate more quickly and efficiently .","Chad Kolton , emergency management spokesman with the Department of Homeland Security , said the government is open to new ways to communicate .",1,1,0.9152448177337646,0.9152448177337646,1,54,337,1,1,0.9038938879966736,0.9038938879966736,1,both_correct
82,""" APEC leaders are painfully aware that security and prosperity are inseparable , "" Thai Prime Minister Thaksin Shinawatra told business leaders .",""" APEC leaders are painfully aware that security and prosperity are inseparable , "" Thaksin said .",1,1,0.923605978488922,0.923605978488922,1,40,244,0,1,0.980966567993164,0.980966567993164,1,both_correct
83,Danbury prosecutor Warren Murray could not be reached for comment Monday .,Prosecutors could not be reached for comment after the legal papers were obtained late Monday afternoon .,0,0,0.8129033446311951,0.1870967149734497,1,29,179,1,0,0.7430840730667114,0.2569159269332886,1,both_correct
84,Wittig resigned last year after being indicted on federal bank fraud charges involving a real estate loan unrelated to Westar business .,Wittig resigned in late November about two weeks after being indicted on bank fraud charges in a real estate case unrelated to the company .,1,1,0.9196990132331848,0.9196990132331848,1,47,276,1,1,0.9694297909736632,0.9694297909736632,1,both_correct
85,"Shattered Glass , "" starring Hayden Christensen as Stephen Glass , debuted well with $ 80,000 in eight theaters .",""" Shattered Glass "" _ starring Hayden Christensen as Stephen Glass , The New Republic journalist fired for fabricating stories _ debuted well with $ 80,000 in eight theaters .",0,0,0.7801592946052551,0.2198407053947448,1,50,288,1,0,0.5121193528175354,0.4878806173801422,1,both_correct
86,"He was arrested Friday night at an Alpharetta seafood restaurant while dining with his wife , singer Whitney Houston .",He was arrested again Friday night at an Alpharetta restaurant where he was having dinner with his wife .,1,1,0.8264210224151611,0.8264210224151611,1,39,223,0,1,0.9762731790542604,0.9762731790542604,1,both_correct
87,"However , EPA officials would not confirm the 20 percent figure .",Only in the past few weeks have officials settled on the 20 percent figure .,0,0,0.521816074848175,0.4781839251518249,1,27,141,1,0,0.6207249760627747,0.3792749941349029,1,both_correct
88,"University of Michigan President Mary Sue Coleman said in a statement on the university 's Web site , "" Our fundamental values haven 't changed .",""" Our fundamental values haven 't changed , "" Mary Sue Coleman , president of the university , said in a statement in Ann Arbor .",1,1,0.8286761045455933,0.8286761045455933,1,52,274,0,1,0.9832223057746888,0.9832223057746888,1,both_correct
89,The first products are likely to be dongles costing between US $ 100 and US $ 150 that will establish connections between consumer electronics devices and PCs .,The first products will likely be dongles costing $ 100 to $ 150 that will establish connections between consumer electronics devices and PCs .,1,1,0.9415255784988404,0.9415255784988404,1,52,303,0,1,0.9773757457733154,0.9773757457733154,1,both_correct
90,"However , Lapidus expects foreign brands ' sales to be up 4 percent , driven by strong truck sales at Honda Motor Co .","Lapidus expects Ford to be down 5 percent , Chrysler down 10 percent and foreign brands up 4 percent driven by strong truck sales at Honda .",0,0,0.7636029124259949,0.2363970577716827,1,51,258,1,1,0.9691877961158752,0.9691877961158752,0,bert_only_correct
91,"Michel , who remains in the government , denied that US pressure had provoked the government 's move .","Michel , who has stayed in the new government , denied that it was U.S. pressure which had provoked the government 's move .",1,1,0.9044264554977416,0.9044264554977416,1,43,226,0,1,0.9746597409248352,0.9746597409248352,1,both_correct
92,Some of the computers also are used to send spam e-mail messages to drum up traffic to the sites .,Some are also used to send spam e-mail messages to boost traffic to the sites .,1,1,0.9006493091583252,0.9006493091583252,1,36,177,0,1,0.9809351563453674,0.9809351563453674,1,both_correct
93,"Indonesia 's army has often been accused of human rights abuses during GAM 's battle for independence , charges it has generally denied while accusing the separatists of committing rights violations .","Indonesia 's army has been accused of human rights abuses during its earlier battles with GAM , charges it has generally denied .",0,1,0.8459129929542542,0.8459129929542542,0,55,329,0,1,0.975341498851776,0.975341498851776,0,both_wrong
94,"Bush also hoped to polish his anti-AIDS credentials in Uganda , which has been hailed as an African pioneer in fighting the killer disease .",President Bush flies to Uganda Friday hoping to polish his anti- AIDS credentials in a country hailed as an African pioneer in fighting the epidemic .,1,1,0.8498330116271973,0.8498330116271973,1,51,290,0,1,0.9830904006958008,0.9830904006958008,1,both_correct
95,"Later this year , the command will send trainers with soldiers from four North African nations on patrolling and intelligence gathering missions .",This fall the command will send trainers to work with soldiers from four North African nations on patrolling and gathering intelligence .,1,1,0.9292385578155518,0.9292385578155518,1,45,283,1,1,0.9805492758750916,0.9805492758750916,1,both_correct
96,The reports helped overcome investor jitters after the euro briefly hit an all-time high against the dollar Tuesday .,Stocks slipped at the open after the euro hit record highs against the dollar .,0,0,0.8123044371604919,0.1876955479383468,1,34,196,0,0,0.7420124411582947,0.2579875886440277,1,both_correct
97,"Sales for the quarter beat expectations , rising 37 percent year-on-year to 1.76 billion euros .","Sales rose 37 per cent year-on-year to 1.76bn , beating expectations .",1,1,0.8302955627441406,0.8302955627441406,1,28,166,0,1,0.883352518081665,0.883352518081665,1,both_correct
98,"If the MTA 's appeal to a higher court is successful , the $ 2 bus and subway base fare won 't be rolled back .","If the MTA 's appeal is successful , the $ 2 bus and subway base fare won 't change .",1,1,0.9127796292304992,0.9127796292304992,1,46,196,0,1,0.9704344272613524,0.9704344272613524,1,both_correct
99,"Robert Walsh , 40 , remained in critical but stable condition Friday at Staten Island University Hospital 's north campus .","Walsh , also 40 , was in critical but stable condition at Staten Island University Hospital last night .",1,1,0.9135738015174866,0.9135738015174866,1,40,227,1,1,0.9439005255699158,0.9439005255699158,1,both_correct
100,"The Guru microcontroller serves four functions : hardware monitoring , overclocking management , BIOS ( Basic Input Output System ) update and a troubleshooting-assistance feature called Black Box .","The µGuru microcontroller serves four functions : hardware monitoring , overclocking management , BIOS update and a troubleshooting-assistance feature called Black Box .",1,1,0.9191964268684388,0.9191964268684388,1,52,367,0,1,0.9693369269371032,0.9693369269371032,1,both_correct
101,U.S. corporate bond yield spreads tightened in spotty trading on Friday as Wall Street labored to get back on its feet after the largest power outage ever in North America .,"U.S. stocks rose slightly on feather-light volume on Friday , as Wall Street regrouped after the biggest-ever power outage in North America .",1,0,0.6294205784797668,0.3705794513225555,0,54,314,1,1,0.7663984894752502,0.7663984894752502,1,distilbert_only_correct
102,The company said it would issue revised guidance for the full fiscal year next month when it releases its Q2 results .,The company said it would renew its guidance for 2003 when it announces its second quarter results in mid-July .,1,1,0.8735573887825012,0.8735573887825012,1,42,230,1,1,0.9392667412757874,0.9392667412757874,1,both_correct
103,""" I stand 100 percent by it , and I think our intelligence services gave us the correct information at the time . ""","I stand 100 percent by it , and I think that our intelligence services gave us the correct intelligence and information at the time , "" Blair said .",1,1,0.9280363917350768,0.9280363917350768,1,53,263,0,1,0.9798388481140136,0.9798388481140136,1,both_correct
104,""" I don 't know if the person I 'm talking to now may end up being someone else at another time that may not follow the rules , "" Parrish said .",""" I don 't know whether the person I 'm talking to now may end up being someone else , "" Parrish said .",0,1,0.8544889688491821,0.8544889688491821,0,57,247,1,0,0.5041248202323914,0.495875209569931,1,distilbert_only_correct
105,""" I think it 's going to be a close vote , but I think the grant proposal is going to win , "" McConnell said .",""" I think it 's going to be a close vote , but I think the grant proposal 's going to win , "" said Sen. Mitch McConnell , assistant majority leader .",1,1,0.8516095876693726,0.8516095876693726,1,60,259,1,1,0.9506731629371644,0.9506731629371644,1,both_correct
106,"Twenty-eight people were believed to have been spending Christmas Day with the caretaker of the St Sophia 's camp , when the mudslide smashed into two cabins .","Twenty-seven people were believed to have been spending Christmas Day with the caretaker of Saint Sophia Camp , a Greek Orthodox facility , when the mudslide roared through .",1,1,0.696382462978363,0.696382462978363,1,57,333,0,0,0.6162859797477722,0.3837140202522278,0,bert_only_correct
107,"One , Capt. Doug McDonald , remained hospitalized in critical condition on Thursday .","Her 20-year-old sister , Allyson , was severely burned and remained hospitalized in critical condition .",0,0,0.947279930114746,0.0527201183140277,1,30,189,0,0,0.7572888731956482,0.2427111268043518,1,both_correct
108,The United States finally relented during President Bush 's visit to Africa earlier this month .,"During President Bush 's trip to Africa earlier this month , however , Washington said it would support the increase .",0,0,0.8154188394546509,0.1845811903476715,1,37,214,1,0,0.7365372776985168,0.2634627223014831,1,both_correct
109,""" There is no conscious policy of the United States , I can assure you of this , to move the dollar at all , "" he said .",He also said there is no conscious policy by the United States to move the value of the dollar .,1,1,0.9038577675819396,0.9038577675819396,1,49,216,1,1,0.956474244594574,0.956474244594574,1,both_correct
110,It 's the first such drill since the September 11 terrorist attacks on New York and Washington .,It is the nation 's first large-scale counterterrorism exercise since the Sept . 11 terrorist attacks .,1,1,0.6853621602058411,0.6853621602058411,1,35,199,0,1,0.7566347122192383,0.7566347122192383,1,both_correct
111,"Myanmar 's pro-democracy leader Aung San Suu Kyi will return home late Friday but will remain in detention after recovering from surgery at a Yangon hospital , her personal physician said .","Myanmar 's pro-democracy leader Aung San Suu Kyi will be kept under house arrest following her release from a hospital where she underwent surgery , her personal physician said Friday .",1,1,0.9049157500267028,0.9049157500267028,1,63,374,1,1,0.9606152176856996,0.9606152176856996,1,both_correct
112,"According to the Merchant Marine Ministry , the 37-year-old ship is registered to Alpha Shipping Inc. based in the Pacific Ocean nation of Marshall Islands .",The Baltic Sky is a 37-year-old ship registered to Alpha Shipping Inc. based in the Pacific Ocean nation of Marshall Islands .,1,1,0.780158281326294,0.780158281326294,1,48,283,0,1,0.9780116081237792,0.9780116081237792,1,both_correct
113,"In an unusual move , the U.S. Patent and Trademark Office is reconsidering a patent affecting Internet pages that critics contend could disrupt millions of Web sites .","In an unusual move that critics contend could disrupt millions of Web sites , the U.S. Patent and Trademark Office is reconsidering a patent affecting Internet pages .",1,1,0.9367294311523438,0.9367294311523438,1,56,334,0,1,0.9801192283630372,0.9801192283630372,1,both_correct
114,Kansas Department of Health and Environment records show there were 88 abortions performed on girls age 14 and younger last year .,"Statistics from the Kansas Department of Health and Environment show that 11,844 abortions were performed in the state last year .",0,1,0.7828161120414734,0.7828161120414734,0,43,260,0,1,0.8910690546035767,0.8910690546035767,0,both_wrong
115,"A European Union spokesman said the Commission was consulting EU member states "" with a view to taking appropriate action if necessary "" on the matter .",Laos 's second most important export destination - said it was consulting EU member states ' ' with a view to taking appropriate action if necessary ' ' on the matter .,0,0,0.924988090991974,0.0750119090080261,1,59,320,0,0,0.7045541405677795,0.2954458892345428,1,both_correct
116,"Waiting crowds filling the streets on both sides overwhelmed the peacekeepers soon after daylight , sweeping past the barbed wire barricades .","But waiting crowds filling the streets rushed the bridges soon after daylight , overrunning razor-wire barricades .",1,1,0.8945251107215881,0.8945251107215881,1,39,257,1,1,0.978239357471466,0.978239357471466,1,both_correct
117,"Barry Callebaut will be able to use Brach 's retail network to sell products made from its German subsidiary Stollwerck , which makes chocolate products not sold in the United States .","Barry Callebaut will be able to use Brach 's retail network to sell products made from its German subsidiary Stollwerck , which makes chocolate products unknown to the American market .",1,1,0.841846227645874,0.841846227645874,1,63,369,1,1,0.9745679497718812,0.9745679497718812,1,both_correct
118,"By skirting the FDA 's oversight , Eagan said , the quality of the imported drugs is "" less predictable "" than for those obtained in the United States .","By skirting the FDA 's oversight , Eagan said the quality of the imported drugs is "" less predictable "" than U.S. drugs .",1,1,0.9170665144920348,0.9170665144920348,1,54,273,0,1,0.978516399860382,0.978516399860382,1,both_correct
119,"He said : "" For the first time there is an easy and affordable way of making this treasure trove of BBC content available to all . """,""" For the first time , there is an easy and affordable way of making this treasure trove of BBC content available to all , "" Dyke said .",1,1,0.9266724586486816,0.9266724586486816,1,57,268,0,1,0.982069194316864,0.982069194316864,1,both_correct
120,"Three such vigilante-style attacks forced the hacker organizer , who identified himself only as "" Eleonora [ 67 ] , "" to extend the contest until 7 p.m. EST Sunday .","Three such vigilante-style attacks forced the hacker organiser , who identified himself only as "" Eleonora67 ] , "" to extend the contest until 8am ( AEST ) today .",1,1,0.9313754439353944,0.9313754439353944,1,61,328,1,1,0.9351953864097596,0.9351953864097596,1,both_correct
121,Eric Gagne pitched a perfect ninth for his 23rd save in as many opportunities .,Gagne struck out two in a perfect ninth inning for his 23rd save .,1,1,0.7064510583877563,0.7064510583877563,1,29,145,0,1,0.6884568333625793,0.6884568333625793,1,both_correct
122,"One way or another , Harry Potter And The Order Of The Phoenix will be in your hands by Saturday .","Just about everything about "" Harry Potter and the Order of the Phoenix "" will set records .",0,0,0.8720474243164062,0.1279525309801101,1,39,190,1,0,0.7376756072044373,0.2623243927955627,1,both_correct
123,""" Allison just proves you don 't need to wait until August or September to have a disaster , "" said Josh Lichter , a meteorologist with the Houston-Galveston weather office .",""" Allison just proves you don 't need to wait until August or September to have a disaster , "" Lichter said .",1,1,0.9068931937217712,0.9068931937217712,1,55,283,0,1,0.9612450003623962,0.9612450003623962,1,both_correct
124,"Today , analysts say , UN members can no longer ignore the shifts since the September 11 2001 attacks .","On Wednesday , analysts say , UN members can no longer ignore the shifts since the attacks in the US of September 11 2001 .",1,1,0.9329063296318054,0.9329063296318054,1,45,226,1,1,0.9815152287483216,0.9815152287483216,1,both_correct
125,"Police say CIBA was involved in the importation of qat , a narcotic substance legal in Britain but banned in the United States .","Mr McKinlay said that CIBA was involved in the importation of qat , a narcotic substance legal in Britain but banned in the US .",1,1,0.8495302200317383,0.8495302200317383,1,49,256,1,1,0.9600911140441896,0.9600911140441896,1,both_correct
126,Chiron already has nearly 20 percent acceptances from PowderJect 's shareholders .,Chiron has acceptances from holders of nearly 20 percent of PowderJect shares .,1,1,0.9200174808502196,0.9200174808502196,1,25,161,0,1,0.9768277406692504,0.9768277406692504,1,both_correct
127,Ernst & Young has denied any wrongdoing and plans to fight the allegations .,"Ernst & Young has denied the SEC 's claims , and called its recommendations "" irresponsible "" .",0,0,0.916409194469452,0.083590842783451,1,32,171,0,0,0.7206829190254211,0.2793170511722564,1,both_correct
128,The attack followed several days of disturbances in the city where American soldiers exchanged fire with an unknown number of attackers as civilians carried out demonstrations against the American presence .,The attack came after several days of disturbance in the city in which U.S. soldiers exchanged fire with an unknown number of attackers as civilians protested the American presence .,1,1,0.923045575618744,0.923045575618744,1,61,389,1,1,0.97988760471344,0.97988760471344,1,both_correct
129,No company employee has received an individual target letter at this time .,"She said no company official had received "" an individual target letter at this time . """,1,1,0.9179478883743286,0.9179478883743286,1,30,163,1,1,0.9833568334579468,0.9833568334579468,1,both_correct
130,"Second-quarter results reflected a gain of 10 cents per diluted share , while the 2002 results included a loss of 19 cents per diluted share .",The second-quarter results had a non-operating gain of 10 cents a share while the 2002 second-quarter performance had a net non-operating loss of 19 cents a share .,1,0,0.7431834936141968,0.2568165063858032,0,54,306,1,1,0.9645048379898072,0.9645048379898072,1,distilbert_only_correct
131,He allegedly told his ex-wife in an angry phone call that he had no intention of following their new custody agreement .,The two had battled over custody and he allegedly told her in an angry phone call that he had no intention of following their new custody agreement .,0,1,0.8451039791107178,0.8451039791107178,0,50,269,1,1,0.6212328672409058,0.6212328672409058,0,both_wrong
132,"Worldwide , more than 50 million people have seen "" Les Miz , "" with gross receipts of $ 1.8 billion .","Worldwide , Les Misérables has been seen by over 50 million people , with a total gross of over $ 2 billion .",1,0,0.5115772485733032,0.4884227812290191,0,45,211,0,1,0.9340004920959472,0.9340004920959472,1,distilbert_only_correct
133,"In fiction : Edward P. Jones ( "" The Known World "" ) and Scott Spencer ( "" A Ship Made of Paper "" ) .","The fifth nominee for fiction is Scott Spencer , for A Ship Made of Paper .",0,0,0.6718593835830688,0.3281406164169311,1,42,176,1,0,0.5213795900344849,0.4786203801631927,1,both_correct
134,""" Overwhelmingly the Windows brand really resonated with them . """,""" Windows was the part of the experience that really resonated with people . """,1,1,0.9041067361831664,0.9041067361831664,1,26,143,0,1,0.9557707905769348,0.9557707905769348,1,both_correct
135,"The Centers for Medicare and Medicaid Services , the federal agency that runs Medicare , last year began a similar effort for nursing homes .",The Centers for Medicare and Medicaid launched a similar consumer tool for nursing homes last year .,1,1,0.730246901512146,0.730246901512146,1,42,241,0,1,0.9693920612335204,0.9693920612335204,1,both_correct
136,Vivace was founded in 1999 and has raised over $ 118 million in three rounds of venture financing .,"During difficult times for technology venture capital , Vivace raised over $ 118 million in three rounds of venture financing .",0,0,0.6652114987373352,0.3347885608673095,1,40,226,1,1,0.584008514881134,0.584008514881134,0,bert_only_correct
137,"The Dow Jones industrial average < .DJI > added 28 points , or 0.27 percent , at 10,557 , hitting its highest level in 21 months .","The Dow Jones industrial average < .DJI > rose 49 points , or 0.47 percent , to 10,578 .",0,0,0.549281656742096,0.450718343257904,1,46,218,0,0,0.8130918145179749,0.1869082003831863,1,both_correct
138,The Democratic candidates also began announcing their fund-raising totals before Wednesday 's deadline to file quarterly reports with the Federal Election Commission .,The Democratic candidates also began announcing their fund-raising totals in advance of the deadline today to file quarterly reports with the Federal Election Commission .,1,1,0.936070203781128,0.936070203781128,1,48,338,1,1,0.9796444177627563,0.9796444177627563,1,both_correct
139,Sun Microsystems Inc. on Thursday said it had added 100 new third-party systems and 100 new components to its Hardware Compatibility List for the Solaris x86 operating system Platform Edition .,The vendor has added 100 new third-party systems and 100 new components to the operating system 's Hardware Compatibility List ( HCL ) .,0,1,0.922211766242981,0.922211766242981,0,55,329,0,1,0.9791543483734132,0.9791543483734132,0,both_wrong
140,Prosecutors said PW Marketing violated the state 's 1998 anti-spam law by sending unsolicited e-mail without a toll-free number for recipients to call to stop additional mailings .,Prosecutors said PW Marketing violated the 1998 anti-spam law because these unsolicited e-mails were sent without a free call number for recipients to phone to stop additional mailings .,1,1,0.9274137020111084,0.9274137020111084,1,57,366,0,1,0.9764465093612672,0.9764465093612672,1,both_correct
141,The Neighbours star and singer spent yesterday resting at her family home in Sydney and will have more tests today .,Goodrem spent yesterday resting in her family home in Sydney and will have more tests today to determine her exact treatment .,0,1,0.5101696848869324,0.5101696848869324,0,43,242,0,0,0.6530752778053284,0.3469246923923492,1,distilbert_only_correct
142,"The 3 rd Armored Cavalry Regiment is 5,200 strong and the largest combat unit at Fort Carson .","Broomhead , 34 , was assigned to the 2nd Squadron , 3rd Armored Cavalry Regiment .",0,0,0.8921674489974976,0.107832595705986,1,34,176,0,0,0.7530907392501831,0.2469092309474945,1,both_correct
143,""" The risk of inflation becoming undesirably low remains the predominant concern for the foreseeable future , "" the Fed said in a statement accompanying the unanimous decision .",""" The risk of inflation becoming undesirably low remains the predominant concern for the foreseeable future , "" the policy-setting Federal Open Market Committee said .",1,1,0.5993838906288147,0.5993838906288147,1,55,344,0,1,0.929245114326477,0.929245114326477,1,both_correct
144,""" It is bad for Symbian , "" said Per Lindberg , analyst at Dresdner Kleinwort Wasserstein .",""" Motorola has displayed clear disloyalty "" to Symbian , said Per Lindberg , an analyst at Dresdner Kleinwort Wasserstein in London .",0,0,0.7650160789489746,0.2349839061498642,1,41,224,0,0,0.7719200253486633,0.2280799001455307,1,both_correct
145,"Bob Richter , a spokesman for House Speaker Tom Craddick , had no comment about the ruling .","Bob Richter , spokesman for Craddick , R-Midland , said the speaker had not seen the ruling and could not comment .",0,1,0.8116837739944458,0.8116837739944458,0,40,207,1,1,0.7472337484359741,0.7472337484359741,0,both_wrong
146,"But Ms Ward said the headroom under its financial covenants was "" tight "" and that there could be another downgrade if Southcorp breached any of its banking covenants .","But Ms Ward said the headroom under its financial covenants was "" tight "" and that there could be a rating downgrade if Southcorp did breach any banking covenants .",1,1,0.9358201026916504,0.9358201026916504,1,60,332,1,1,0.980052649974823,0.980052649974823,1,both_correct
147,He added : ``I 've never heard of more reprehensiblebehaviour by a doctor .,The Harrisons ’ lawyer Paul LiCalsi said : “ I ’ ve never heard of more reprehensible behaviour by a doctor .,1,1,0.719512403011322,0.719512403011322,1,36,184,1,0,0.5075575113296509,0.4924424886703491,0,bert_only_correct
148,"Broomhead was assigned to 2nd Squadron , 3rd Armor Cavalry Regiment , based at Fort Carson .","Broomhead , 34 , was assigned to the 2nd Squadron , 3rd Armored Cavalry Regiment .",1,1,0.5166165232658386,0.5166165232658386,1,33,174,0,1,0.8732379674911499,0.8732379674911499,1,both_correct
149,"Other staff members , however , defended the document , saying it would still help policy-makers and the agency improve efforts to address the climate issue .","Some E.P.A. staff members defended the document , saying that although pared down it would still help policy makers and the agency address the climate issue .",1,1,0.6445689797401428,0.6445689797401428,1,54,316,1,1,0.6035683751106262,0.6035683751106262,1,both_correct
150,"President Bush raised a record-breaking $ 49.5 million for his re-election campaign over the last three months , with contributions from 262,000 Americans , the president 's campaign chairman said Tuesday .","President Bush has raised $ 83.9 million since beginning his re-election campaign in May , and has $ 70 million of that left to spend , his campaign said Tuesday .",0,0,0.6339160799980164,0.3660838603973388,1,63,369,1,0,0.7643789649009705,0.2356210649013519,1,both_correct
151,An episode is declared when the ozone reaches .20 parts per million parts of air for one hour .,A Stage 1 episode is declared when ozone levels reach 0.20 parts per million .,1,1,0.9098309874534608,0.9098309874534608,1,34,173,0,1,0.970855712890625,0.970855712890625,1,both_correct
152,""" He may not have been there , "" the defence official said on Thursday .",""" He may not have been there , "" said a defence official speaking on condition of anonymity .",1,1,0.7253143191337585,0.7253143191337585,1,35,165,1,1,0.5286115407943726,0.5286115407943726,1,both_correct
153,"The U.N. troops are in Congo to protect U.N. installations and personnel , and they can only fire in self defense and have been unable to stem the violence .",The troops - whose mandate is to protect U.N. installations and personnel - can only fire in self-defense and have been unable to stem the violence .,1,1,0.9205713868141174,0.9205713868141174,1,57,306,0,1,0.9821509122848512,0.9821509122848512,1,both_correct
154,"North American markets grabbed early gains Monday morning , as earnings season begins to slow and economic indicators take the spotlight .","North American futures pointed to a strong start to the first trading session of the week Monday , as earnings season slows and economic indicators take the spotlight .",1,1,0.8083258271217346,0.8083258271217346,1,51,306,1,1,0.9703773856163024,0.9703773856163024,1,both_correct
155,Xerox itself paid a $ 10 million fine last year to settle similar SEC charges .,Xerox itself previously paid a $ 10-million penalty to settle the SEC accusations .,1,1,0.9012774229049684,0.9012774229049684,1,30,162,0,1,0.9715242981910706,0.9715242981910706,1,both_correct
156,""" This deal makes sense for both companies , "" said National Chief Executive Brian Halla .",""" This deal makes sense for both companies , "" Halla said in a prepared statement .",1,1,0.9206631183624268,0.9206631183624268,1,34,173,0,1,0.9826595783233644,0.9826595783233644,1,both_correct
157,The blasts killed two people and injured more than 150 others .,The Atlanta Olympic Games attack killed one woman and injured more than 100 other people .,0,0,0.62001633644104,0.3799836933612823,1,28,153,0,1,0.8155540823936462,0.8155540823936462,0,bert_only_correct
158,"Morrill 's wife , Ellie , sobbed and hugged Bondeson 's sister-in-law during the service .","At the service Morrill 's widow , Ellie , sobbed and hugged Bondeson 's sister-in-law as people consoled her .",0,1,0.7294067740440369,0.7294067740440369,0,36,200,0,0,0.5410012602806091,0.4589986801147461,1,distilbert_only_correct
159,"Spansion products are to be available from both AMD and Fujitsu , AMD said .",Spansion Flash memory solutions are available worldwide from AMD and Fujitsu .,1,0,0.6131300926208496,0.386869877576828,0,27,154,0,1,0.9731497168540956,0.9731497168540956,1,distilbert_only_correct
160,"About 1,500 police will be deployed for the visit .","Around 1,500 police are to be deployed at Niigata for the ferry 's visit .",1,1,0.8367753624916077,0.8367753624916077,1,25,125,0,1,0.9090286493301392,0.9090286493301392,1,both_correct
161,Gamarekian told The News she remembers only the woman 's first name - and refused to reveal it .,"She told the New York Daily News she remembers only the intern 's first name , which she refused to reveal .",1,1,0.903334617614746,0.903334617614746,1,41,204,0,1,0.9296938180923462,0.9296938180923462,1,both_correct
162,"One of the FBI ’ s key operatives , who had a falling out with the bureau , provided an account of the operation at a friend ’ s closed immigration court proceeding .","One of the FBI 's key operatives , who has had a falling-out with the bureau , provided an account of the operation at a friend 's closed immigration court proceeding .",1,1,0.9414068460464478,0.9414068460464478,1,66,334,0,1,0.9780622124671936,0.9780622124671936,1,both_correct
163,"A nationally board certified teacher with a master 's degree , Kelley makes a salary of $ 65,000 in his 30th year .","A nationally board certified teacher with a master 's degree , Kelley , in his 30th year teaching , makes $ 65,000 .",1,1,0.9297112822532654,0.9297112822532654,1,46,231,0,1,0.9760640859603882,0.9760640859603882,1,both_correct
164,"A man arrested for allegedly threatening to shoot and kill a city councilman from Queens was ordered held on $ 100,000 bail during an early morning court appearance Saturday .","The Queens man arrested for allegedly threatening to shoot City Councilman Hiram Monserrate was held on $ 100,000 bail Saturday , a spokesman for the Queens district attorney said .",1,1,0.7971516847610474,0.7971516847610474,1,60,356,0,1,0.9751835465431212,0.9751835465431212,1,both_correct
165,"They were being held Sunday in the Camden County Jail on $ 100,000 bail .","They remained in Camden County Jail on Sunday on $ 100,000 bail .",1,1,0.9279733300209044,0.9279733300209044,1,28,138,0,1,0.9772246479988098,0.9772246479988098,1,both_correct
166,"Ms Stewart , the chief executive , was not expected to attend .","Ms Stewart , 61 , its chief executive officer and chairwoman , did not attend .",1,1,0.8036400675773621,0.8036400675773621,1,29,142,1,1,0.9568823575973512,0.9568823575973512,1,both_correct
167,"Christina 's aunt , Shelley Riling , said the defense 's claims were preposterous .","Christina 's aunt , Shelley Riling , said she will address the court .",0,0,0.891810417175293,0.1081895530223846,1,29,153,0,0,0.6821173429489136,0.3178826570510864,1,both_correct
168,"The Justice Department Aug. 19 gave pre-clearance for the Oct. 7 date for the election to recall Gov. Gray Davis , saying it would not affect minority voting rights .","The Justice Department on Aug. 19 sanctioned the Oct. 7 date for recall election , saying it would not affect voting rights .",1,1,0.8734756708145142,0.8734756708145142,1,53,291,1,1,0.938210666179657,0.938210666179657,1,both_correct
169,"Lord Falconer hailed the changes as "" a new beginning as far as the courts , Crown Prosecution Service and police are concerned "" .",""" It 's a new beginning as far as the courts , Crown Prosecution Service and police are concerned , making the criminal justice system work better . """,0,0,0.8809263706207275,0.1190736293792724,1,54,281,0,0,0.6981194615364075,0.3018805682659149,1,both_correct
170,"GE stock closed at $ 30.65 a share , down about 42 cents , on the New York Stock Exchange .",GE 's shares closed at $ 30.65 on Friday on the New York Stock Exchange .,0,1,0.8743309378623962,0.8743309378623962,0,37,164,0,0,0.7797487378120422,0.2202512323856353,1,distilbert_only_correct
171,At least 27 US troops have been killed in hostile fire since Bush 's statement .,At least 26 American troops have been killed in hostile fire since major combat was officially declared over on May 1 .,1,1,0.5266022682189941,0.5266022682189941,1,38,199,0,0,0.7572547197341919,0.2427452802658081,0,bert_only_correct
172,"A recent poll showed Edwards with a narrow lead in South Carolina , and he plans a rally there later on Tuesday .","A recent poll showed Edwards in a virtual four-way tie at the top in South Carolina , and he plans a rally there later on Tuesday .",1,1,0.7035976648330688,0.7035976648330688,1,50,244,0,0,0.6233344674110413,0.3766655027866363,0,bert_only_correct
173,"November 17 's last victim was British defence attache Stephen Saunders , who was shot on an Athens road in June 2000 .","November 17 's last victim was British defense attache Stephen Saunders , who was shot and killed at point-blank range on a busy Athens road in June 2000 .",1,1,0.9151691794395448,0.9151691794395448,1,52,274,1,1,0.9543904066085817,0.9543904066085817,1,both_correct
174,The agency charged that one WD Energy worker discussed false reporting with traders at two other energy companies .,"The agency found further that a WD Energy employee discussed false reporting with traders at two other energy companies , which the CFTC didn 't identify .",0,1,0.87030428647995,0.87030428647995,0,46,270,0,1,0.9534792900085448,0.9534792900085448,0,both_wrong
175,"Zulifquar Ali , a worshipper slightly wounded by shrapnel , said the assailants first targeted the mosque 's security guards .","Witness Zulfiqar Ali , who was slightly wounded by shrapnel , said the attackers had focused on the mosque 's guards .",1,1,0.8677247166633606,0.8677247166633606,1,43,244,0,1,0.9609774947166444,0.9609774947166444,1,both_correct
176,"For the second year in a row , rises in hospital costs accounted for much of the inflation , accounting for 51 percent of the overall cost increase .","For the second year in a row , rises in hospital costs dominated the increase , accounting for 51 percent of the overall cost spiral .",1,1,0.8390855193138123,0.8390855193138123,1,55,283,0,1,0.9681409001350404,0.9681409001350404,1,both_correct
177,Q : Can I buy coverage for prescription drugs right away ?,Congress has added a new benefit - an option to buy insurance coverage for prescription drugs .,0,0,0.924197793006897,0.0758022367954254,1,29,153,0,0,0.6918469667434692,0.3081530034542084,1,both_correct
178,"The airline also said it has the option to buy 380 more airplanes , orders that would be split evenly between the two manufacturers .","The airline has the option to buy 380 more , split evenly between the two manufacturers .",1,1,0.9206300377845764,0.9206300377845764,1,42,222,0,1,0.9812185168266296,0.9812185168266296,1,both_correct
179,"Dr Mark McClean , Jonathan 's family doctor , said if the drug had been administered earlier Jonathan would have retained more of his brain functions .","Dr Mark McClean , the family 's GP , said had the drug been administered to Jonathan earlier , he would have retained more of his brain function .",1,1,0.9280345439910888,0.9280345439910888,1,56,297,0,1,0.9791435599327089,0.9791435599327089,1,both_correct
180,"The chain operates more than 3,400 stores , and has annual revenue of about $ 15.8 billion .","The chain , which has been under new management since late 1999 , has more than 3,400 stores and $ 15.8 billion in annual revenue .",0,0,0.6005914211273193,0.3994085490703583,1,44,223,0,1,0.7713062763214111,0.7713062763214111,0,bert_only_correct
181,"All patients developed some or all of the symptoms of E. coli food poisoning : bloody diarrhea , vomiting , abdominal cramping and nausea .","Symptoms of the E. coli infection include bloody diarrhea , nausea , vomiting and abdominal cramping .",0,1,0.8180693984031677,0.8180693984031677,0,42,241,0,1,0.9536344408988952,0.9536344408988952,0,both_wrong
182,Federal regulators have turned from sour to sweet on a proposed $ 2.8 billion merger of ice cream giants Nestle Holdings Inc. and Dreyer 's Grand Ice Cream Inc .,Federal regulators have changed their minds on a proposed $ 2.8 billion merger of ice cream giants Nestle Holdings and Dreyer 's Grand Ice Cream .,1,1,0.924355149269104,0.924355149269104,1,56,307,0,1,0.9822270274162292,0.9822270274162292,1,both_correct
183,Environmental campaigners are using this weekend ’ s lunar eclipse to highlight the huge increase in light pollution across the UK .,Environmental campaigners used the eclipse to highlight the surge in light pollution across Britain .,1,1,0.9165084958076476,0.9165084958076476,1,37,233,0,1,0.976344347000122,0.976344347000122,1,both_correct
184,"Available July 7 , the software supports the Solaris , IBM AIX , Red Hat Linux and Windows operating systems .","The OpForce product currently works with Solaris , AIX , Red Hat Linux and Windows servers .",0,1,0.8097710013389587,0.8097710013389587,0,38,202,0,1,0.8487018942832947,0.8487018942832947,0,both_wrong
185,Justice Minister Martin Cauchon and Prime Minister Jean Chrétien have both said the Liberal government will introduce legislation soon to decriminalize possession of small amounts of pot for personal use .,Justice Minister Martin Cauchon and Prime Minister Jean Chretien both have said the government will introduce legislation to decriminalize possession of small amounts of pot .,1,1,0.9023723602294922,0.9023723602294922,1,57,380,0,1,0.9287226796150208,0.9287226796150208,1,both_correct
186,"But Chauncey Billups demonstrated he 's also capable of big games , scoring 77 points over the final two games against the Magic .",Billups scored 77 points in the final two games of the first-round series against the Magic .,0,0,0.7880932688713074,0.2119067013263702,1,41,223,1,0,0.716029167175293,0.2839708030223846,1,both_correct
187,Kelly killed himself after being exposed as the source for a BBC report which claimed the government had embellished evidence of Iraq 's banned weapons to justify the war .,He killed himself after being exposed as the source for a BBC report which claimed the government exaggerated the case for war against Iraq .,1,1,0.60023033618927,0.60023033618927,1,55,313,0,0,0.6565877199172974,0.3434122502803802,0,bert_only_correct
188,"And it 's going to be a wild ride , "" said Allan Hoffenblum , a Republican consultant .","Now the rest is just mechanical , "" said Allan Hoffenblum , a Republican consultant .",0,0,0.8917502164840698,0.108249731361866,1,35,172,1,0,0.7109870314598083,0.289012998342514,1,both_correct
189,"While the Ibrahims had one separation operation , Goodrich and Dr. David Staffenberg plan about three for the Aguirres , with several weeks between each .","Instead of one long operation to separate the twins , Goodrich and Dr. David Staffenberg plan about three , with several weeks between each .",1,1,0.8674769401550293,0.8674769401550293,1,51,295,0,1,0.961404263973236,0.961404263973236,1,both_correct
190,Lay had contended that turning over the documents would violate his Fifth Amendment right against self-incrimination .,"Lay had refused to turn over the papers , asserting his Fifth Amendment right against self-incrimination .",1,1,0.8909154534339905,0.8909154534339905,1,34,224,0,1,0.9732062816619872,0.9732062816619872,1,both_correct
191,The WHO experts didn 't say how many cases in Hebei were in rural areas .,"Hebei has reported 191 cases and eight deaths , though the WHO experts did not say how many were in rural areas .",0,1,0.7207790017127991,0.7207790017127991,0,39,186,1,0,0.7462359666824341,0.2537640035152435,1,distilbert_only_correct
192,Nearly 300 mutinous troops who seized a Manila shopping and apartment complex demanding the government resign gave up and retreated peacefully after some 19 hours .,Mutinous troops who seized a Manila shopping and apartment complex demanding the government resign ended a 19-hour standoff late Sunday and returned to barracks without a shot fired .,1,0,0.5591283440589905,0.4408716559410095,0,55,347,1,0,0.6247628927230835,0.3752371370792389,0,both_wrong
193,"In three years , Lend Lease has slipped from a top-five stock , when its share price was around $ 24 , to 37th .","In the space of three years , Lend Lease has slipped from a top-five 5 stock when its share price hovered around $ 24 to 37th on the list .",1,1,0.9265859723091124,0.9265859723091124,1,55,251,0,1,0.9706737399101256,0.9706737399101256,1,both_correct
194,"About two hours later , his body , wrapped in a blanket , was found dumped a few blocks away .","Then his body was dumped a few blocks away , found in a driveway on Argyle Road .",0,1,0.5023015737533569,0.5023015737533569,0,39,175,0,1,0.932322919368744,0.932322919368744,0,both_wrong
195,Columbia broke up over Texas upon re-entry on Feb. 1 .,Columbia broke apart in the skies above Texas on Feb. 1 .,1,1,0.8821502923965454,0.8821502923965454,1,23,111,0,1,0.827564001083374,0.827564001083374,1,both_correct
196,"A year or two later , 259 , or 10 per cent , of the youths reported that they had started to smoke , or had taken just a few puffs .","Within two years , 259 , or 10 percent , of the youths reported they had started to smoke or had at least taken a few puffs .",1,1,0.9322168231010436,0.9322168231010436,1,60,257,0,1,0.9712914228439332,0.9712914228439332,1,both_correct
197,"The Lord Chancellor was guardian of the Great Seal , used to stamp all official documents from the sovereign .","Falconer will hold on , for now , to the Lord Chancellor 's Great Seal , used to sign off instructions from the sovereign .",0,0,0.587916374206543,0.4120835959911346,1,45,233,1,1,0.7875980734825134,0.7875980734825134,0,bert_only_correct
198,"Cindy Yeast , a 50-year-old Washington-area publicist , says she began taking supplements two years ago in part to avoid mild dementia that affects her elderly parents .",She started taking supplements two years ago - partly to stave off mild dementia that affects her elderly parents .,1,1,0.8982972502708435,0.8982972502708435,1,48,284,0,1,0.9564580917358398,0.9564580917358398,1,both_correct
199,"The two are not related , but have referred to each other as father and son .","He 's not related to Malvo , but the two have referred to each other as father and son .",1,1,0.9193577170372008,0.9193577170372008,1,37,165,1,1,0.916448712348938,0.916448712348938,1,both_correct
200,"Gibson said last month in a press statement that "" neither I nor my film are anti-Semitic .",Gibson said in a June statement that he and his film are not anti-Semitic .,1,1,0.8711186051368713,0.8711186051368713,1,33,166,1,1,0.980461359024048,0.980461359024048,1,both_correct
201,"The world 's largest software company said it recognized the difficulty the multiple patches posed for companies , and set out to make it easier for them to apply the updates .",The world 's largest software company said it recognized the difficulty the multiple patches posed for companies trying to apply them .,0,1,0.9116491675376892,0.9116491675376892,0,54,311,0,1,0.9777690172195436,0.9777690172195436,0,both_wrong
202,"The Dow Jones industrial average .DJI ended up 64.64 points , or 0.71 percent , at 9,191.09 , according to the latest available data .","The blue-chip Dow Jones industrial average .DJI added 38 points , or 0.42 percent , to 9,165 .",1,0,0.7827660441398621,0.2172339558601379,0,43,228,0,0,0.7838113903999329,0.2161886692047119,0,both_wrong
203,"The vote came just two days after Kurds swept City Council elections , taking the largest single block of votes on the 30-seat council .",The vote for mayor followed City Council elections that gave Kurds the largest block of votes on the 30-seat council .,1,1,0.8180674910545349,0.8180674910545349,1,46,254,0,1,0.8319681286811829,0.8319681286811829,1,both_correct
204,Large swells and dangerous surf already were being felt along sections of the coast .,Already large swells and dangerous surf have arrived along the mid-Atlantic .,1,1,0.90456622838974,0.90456622838974,1,27,162,0,1,0.965267300605774,0.965267300605774,1,both_correct
205,"Based on a separate survey of households , the unemployment rate fell in August to 6.1 percent from 6.2 percent .","Labor Department analysts discounted a slight improvement in the national unemployment rate , which fell in August to 6.1 percent from 6.2 percent .",0,0,0.8378681540489197,0.1621317863464355,1,45,261,0,0,0.7691138386726379,0.230886161327362,1,both_correct
206,""" We will work with the board to ensure a smooth transition . ""","He said federal regulators would work with the corporation to ensure a "" smooth transition . """,1,1,0.5653049945831299,0.5653049945831299,1,31,157,0,1,0.9797163605690002,0.9797163605690002,1,both_correct
207,Gasps could be heard in the courtroom when the photo was displayed .,Gasps could be heard as the photo was projected onto the screen .,1,1,0.6456226110458374,0.6456226110458374,1,26,133,0,1,0.9519771933555604,0.9519771933555604,1,both_correct
208,"Gilead had earnings of $ 73.1 million , or 33 cents a share , compared with $ 20.8 million , or 10 cents , in the year-ago quarter .","Quarterly profit climbed to $ 73.1 million , or 33 cents a share , from $ 20.8 million , or 10 cents , a year earlier , the company said .",1,0,0.8039385676383972,0.1960614174604416,0,60,270,0,0,0.7817526459693909,0.2182473540306091,0,both_wrong
209,""" I had one bad stretch of holes that put me out of contention to win , "" Woods said .",""" I had one bad stretch of holes that put me out of contention , "" Woods said , referring to his 42 on the front nine Saturday .",0,1,0.7566736936569214,0.7566736936569214,0,50,214,0,0,0.6960135698318481,0.3039864599704742,1,distilbert_only_correct
210,The poll had a margin of error of plus or minus 2 percentage points .,It had a margin of sampling error of plus or minus four percentage points and was conducted Thursday through Saturday .,0,1,0.6581000685691833,0.6581000685691833,0,36,188,0,0,0.6676048040390015,0.3323951661586761,1,distilbert_only_correct
211,"Sen. Patrick Leahy of Vermont , the committee 's senior Democrat , later said the problem is serious but called Hatch 's suggestion too drastic .","Sen. Patrick Leahy , the committee 's senior Democrat , later said the problem is serious but called Hatch 's idea too drastic a remedy to be considered .",1,1,0.897989809513092,0.897989809513092,1,55,299,1,1,0.977363109588623,0.977363109588623,1,both_correct
212,"The broad Standard & Poor 's 500 < .SPX > eased 0.37 of a point , or 0.03 percent , at 1,121 .","The Standard & Poor 's 500 Index < .SPX > slipped 0.26 point , or 0.02 percent , to 1,121.96 .",1,1,0.797091543674469,0.797091543674469,1,44,188,0,0,0.6332697868347168,0.366730272769928,0,bert_only_correct
213,"Watertown , Saugus and Framingham also are going smoke-free Monday , joining a growing number of cities around the country .","Along with Boston , Watertown , Saugus and Framingham also are going smoke-free Monday .",0,0,0.6945068836212158,0.3054930865764618,1,36,212,0,0,0.7253862023353577,0.2746137678623199,1,both_correct
214,"That is evident from their failure , three times in a row , to get a big enough turnout to elect a president .","Three times in a row , they failed to get a big _ enough turnout to elect a president .",1,1,0.9335092902183532,0.9335092902183532,1,44,197,1,1,0.9793368577957152,0.9793368577957152,1,both_correct
215,"We firmly believe we have an absolute right to use the common word ' spike ' as the name of our network . """,We firmly believe that we have an absolute right to use the common word ' spike ' to name our network .,1,1,0.9355268478393556,0.9355268478393556,1,46,210,0,1,0.980175793170929,0.980175793170929,1,both_correct
216,Sources who knew of the bidding said last week that cable TV company Comcast Corp. was also looking at VUE .,"Late last week , sources told Reuters cable TV company Comcast Corp. CMCSA.O also was looking at buying VUE assets .",1,1,0.9242699146270752,0.9242699146270752,1,42,224,0,1,0.9526582956314088,0.9526582956314088,1,both_correct
217,"But MTA officials appropriated the money to the 2003 and 2004 budgets without notifying riders or even the MTA board members considering the 50-cent hike , Hevesi found .","MTA officials appropriated the surplus money to later years ' budgets without notifying riders or the MTA board members when the 50-cent hike was being considered , he said .",1,1,0.9041284918785096,0.9041284918785096,1,59,344,1,1,0.9342784881591796,0.9342784881591796,1,both_correct
218,"White , who had suffered kidney failure from years of high blood pressure , died at Cedars-Sinai Medical Center around 9 : 30 a.m. , said manager Ned Shankman .","White , who had kidney failure from years of high blood pressure , had been undergoing dialysis and had been hospitalized since a September stroke .",0,0,0.9053779244422911,0.0946220904588699,1,56,308,0,0,0.744384229183197,0.2556158006191253,1,both_correct
219,About 10 percent of high school and 16 percent of elementary students must be proficient at math .,"In math , 16 percent of elementary and middle school students and 9.6 percent of high school students must be proficient .",1,1,0.9008266925811768,0.9008266925811768,1,40,220,0,1,0.9355987906455994,0.9355987906455994,1,both_correct
220,The legal ruling follows three days of intense speculation Hewlett-Packard Co. may be bidding for the company .,The legal ruling follows three days of wild volatility in RIM 's stock over speculation that PC giant Hewlett-Packard Co. may be bidding for the company .,1,1,0.7169365882873535,0.7169365882873535,1,45,265,0,1,0.8334142565727234,0.8334142565727234,1,both_correct
221,"The European Commission , the EU 's antitrust enforcer , is expected to issue its decision next spring — unless a settlement is reached .",The European Commission is expected to issue its decision in the case next spring — unless a settlement is reached .,1,1,0.7106912732124329,0.7106912732124329,1,46,253,0,1,0.8731217384338379,0.8731217384338379,1,both_correct
222,""" So Sebastian did his best to convincingly confess to a crime that he didn 't commit in order to survive , "" she told jurors .",""" Sebastian did his best to confess convincingly to a crime he didn 't do in order to survive , "" Ms. Richardson declared .",1,1,0.9218190908432008,0.9218190908432008,1,52,250,0,1,0.9661442041397096,0.9661442041397096,1,both_correct
223,Twenty percent of Latino students and 23 percent of black students performed at proficient or higher .,"In math , 16 percent of elementary and middle school students and 9.6 percent of high school students must be proficient .",0,0,0.7979032397270203,0.2020967453718185,1,39,224,1,0,0.7059664726257324,0.2940334975719452,1,both_correct
224,He is charged in three bombings in Atlanta including a blast at the 1996 Olympics and one in Alabama .,He is charged in three bombings in Atlanta - including a blast at the 1996 Olympics - along with the bombing in Alabama .,1,1,0.9264177680015564,0.9264177680015564,1,44,223,0,1,0.980499804019928,0.980499804019928,1,both_correct
225,The men were remanded in custody and are due to appear again before court on July 8 .,They were remanded in custody and will appear in court again on July 8 .,1,1,0.934119999408722,0.934119999408722,1,33,157,0,1,0.9806129336357116,0.9806129336357116,1,both_correct
226,""" No matter who becomes the sponsor for stock-car racing 's top series , NASCAR will need an all-star event , "" Wheeler said in a statement .","No matter who becomes the sponsor for stock-car racings top series , NASCAR will need an all-star event , Wheeler said Tuesday .",1,1,0.9356354475021362,0.9356354475021362,1,51,269,1,1,0.9817069172859192,0.9817069172859192,1,both_correct
227,The Phillies were upset that Counsell had stolen second in the sixth inning with Arizona leading 7-1 .,The Phillies were apparently upset when Counsell stole during the sixth with the Diamondbacks up 7-1 .,1,1,0.7630500197410583,0.7630500197410583,1,35,204,0,1,0.8733031749725342,0.8733031749725342,1,both_correct
228,He said his hatred for such people grew from these discussions and had helped convince him violence was the answer .,His hatred for these people had germinated from these discussions and helped cement his belief that violence was the panacea .,1,1,0.8986880779266357,0.8986880779266357,1,42,242,0,1,0.9649559259414672,0.9649559259414672,1,both_correct
229,""" There is no need for one deadline for all to create the ASEAN Economic Community , "" Thaksin said .","Thus , he said , there did not have to one deadline to create the economic community .",1,1,0.8789283037185669,0.8789283037185669,1,39,187,1,1,0.976639449596405,0.976639449596405,1,both_correct
230,"The announcement was made during the recording of a Christmas concert attended by top Vatican cardinals , bishops , and many elite from Italian society , witnesses said .","The broadside came during the recording on Saturday night of a Christmas concert attended by top Vatican cardinals , bishops and many elite of Italian society , witnesses said .",1,1,0.9313491582870485,0.9313491582870485,1,59,347,1,1,0.9822700619697572,0.9822700619697572,1,both_correct
231,"The additional contribution brings total U.S. food aid to North Korea this year to 100,000 tonnes .","The donation of 60,000 tons brings the total of U.S. contributions for the year to 100,000 .",1,1,0.9199693202972412,0.9199693202972412,1,34,191,1,1,0.96391499042511,0.96391499042511,1,both_correct
232,"Leon Williams ' body was found inside his third-floor apartment at 196 Bay St. , in Tompkinsville .","The dead man , Leon Williams , was found in his third-floor apartment .",1,1,0.5829135179519653,0.5829135179519653,1,32,170,0,1,0.8373770713806152,0.8373770713806152,1,both_correct
233,"The player 's eyes were bloodshot and a blood-alcohol test produced a reading of 0.18 - well above Tennessee 's level of presumed intoxication of 0.10 , the report said .","He failed a field sobriety test and a blood-alcohol test produced a reading of 0.18 – well above Tennessee 's level of presumed intoxication of 0.10 , the report said .",1,0,0.6188988089561462,0.3811011612415313,0,62,338,0,1,0.6206179857254028,0.6206179857254028,1,distilbert_only_correct
234,"But Virgin wants to operate Concorde on routes to New York , Barbados and Dubai .","Branson said that his preference would be to operate a fully commercial service on routes to New York , Barbados and Dubai .",1,0,0.9174235463142396,0.0825764164328575,0,39,205,1,0,0.5506930947303772,0.4493069350719452,0,both_wrong
235,He tried to fight off officers and was taken to a hospital after a police dog bit him but was later released .,"Cruz tried to fight off officers and was hospitalized after a police dog bit him , Sgt. Steve Dixon said .",0,0,0.5527347326278687,0.4472652673721313,1,44,216,1,0,0.6554009914398193,0.3445990681648254,1,both_correct
236,"The announcement , which economists said was not a surprise , may be bittersweet for the millions of Americans without jobs .","Economists said the announcement was not a surprise , and politicians said it offered little comfort to the millions of Americans without jobs .",1,0,0.8368052840232849,0.1631947606801986,0,46,269,1,0,0.6157575249671936,0.3842424154281616,0,both_wrong
237,"Asked if the delegates could leave on Friday , police intelligence chief in Aceh , Surya Dharma , told reporters they could not because they did not have proper permission .","Asked if the delegates could leave on Friday , police intelligence chief Surya Dharma told reporters : "" Of course they may not go .",0,1,0.61629319190979,0.61629319190979,0,56,305,1,0,0.6956096887588501,0.3043902814388275,1,distilbert_only_correct
238,Dealers said the dollar also drew some downside support as Japanese investors are expected to keep snapping up foreign bonds amid the yen 's rise against the dollar .,Dealers said the dollar also drew some downside support as Japanese investors are expected to keep snapping up foreign bonds amid ever-falling domestic interest rates .,1,1,0.6086744070053101,0.6086744070053101,1,55,334,0,1,0.9759727716445924,0.9759727716445924,1,both_correct
239,Iran has until the end of the month to satisfy the agency it has no plans for nuclear weapons .,The Iranians have until the end of the month to answer all the agency 's questions about their past nuclear activities .,0,0,0.7099946141242981,0.2900053560733795,1,42,215,1,1,0.6296961307525635,0.6296961307525635,0,bert_only_correct
240,"Her father , Florin Cioaba , the king of Transylvania 's Gypsies , had her brought back and she was married against her will .","Her father , Roma King Florin Cioaba , had her brought back and she was promptly married against her will .",1,1,0.9115972518920898,0.9115972518920898,1,46,233,0,1,0.8499763607978821,0.8499763607978821,1,both_correct
241,Claire had advanced to the third round of the 76th annual Scripps Howard National Spelling Bee .,"One by one they strolled to the microphone , all 251 youngsters in the 76th Scripps Howard National Spelling Bee .",0,0,0.9110149145126344,0.0889850556850433,1,38,210,0,0,0.7375730276107788,0.2624269723892212,1,both_correct
242,"Citigroup Inc . C.N , the world 's largest financial services company , on Wednesday promoted Marjorie Magner to chairman and chief executive of its global consumer group .",Citigroup ( C ) on Wednesday named Marjorie Magner chairman and chief executive of its colossal global consumer business .,1,1,0.8560730814933777,0.8560730814933777,1,49,294,0,1,0.9174230098724364,0.9174230098724364,1,both_correct
243,""" They 've been in the stores for over six weeks , "" says Carney .","The quarterlies usually stay in stores for between six to eight weeks , "" Carney added .",1,0,0.5847089290618896,0.4152910709381103,0,33,154,0,1,0.9310409426689148,0.9310409426689148,1,distilbert_only_correct
244,Let me just say this : the evidence that we have of weapons of mass destruction was evidence drawn up and accepted by the joint intelligence community .,""" The evidence that we had of weapons of mass destruction was drawn up and accepted by the Joint Intelligence Committee , "" he said .",1,1,0.9260687828063964,0.9260687828063964,1,54,285,0,1,0.9833715558052064,0.9833715558052064,1,both_correct
245,Ridge said no actual explosives or other harmful substances will be used .,Ridge said no real explosives or harmful devices will be used in the exercise .,1,1,0.9214745163917542,0.9214745163917542,1,28,153,1,1,0.9789627194404602,0.9789627194404602,1,both_correct
246,"Thus far , Stewart 's company appears ready to stand behind her .","For now , the company 's management appears to be standing behind Stewart .",1,1,0.7587984800338745,0.7587984800338745,1,27,140,1,1,0.9755573868751526,0.9755573868751526,1,both_correct
247,"But late Thursday night , the campaign issued a statement saying there would be no news conference and no big announcement .","But late yesterday , the campaign and the state Democratic Party said there would be no news conference .",0,1,0.8681982755661011,0.8681982755661011,0,41,229,1,1,0.9472073912620544,0.9472073912620544,0,both_wrong
248,There 's also a flaw that results because IE does not implement an appropriate block on a file download dialog box .,The second vulnerability is a result of IE not implementing a block on a file download dialog box .,1,1,0.9297390580177308,0.9297390580177308,1,41,215,1,1,0.935301959514618,0.935301959514618,1,both_correct
249,Another $ 100-million in savings will come from management layoffs and pay cuts .,The airline expects to save another $ 100-million a year through management layoffs and pay cuts .,1,1,0.8064562082290649,0.8064562082290649,1,31,179,1,1,0.7715319991111755,0.7715319991111755,1,both_correct
250,He called on Prime Minister John Howard to establish a royal commission on child sex abuse .,The Senate motion also called on Prime Minister John Howard to hold a royal commission into child sex abuse .,1,1,0.8620169758796692,0.8620169758796692,1,37,201,0,1,0.899176299571991,0.899176299571991,1,both_correct
251,""" We think that the United States of America should support the free speech of all groups , "" Mr. White said , objecting to Mr. Olson 's recommendation .","We think that the United States of America should support the free speech of all groups , he said .",0,1,0.6697559356689453,0.6697559356689453,0,50,252,0,0,0.6241489052772522,0.3758510947227478,1,distilbert_only_correct
252,"Terri Schiavo , 39 , underwent the procedure at the Tampa Bay area hospice where she has been living for several years , said her father , Bob Schindler .","The tube was removed Wednesday from Terri Schiavo , 39 , at the Tampa Bay-area hospice where she has lived for several years .",1,1,0.5411615371704102,0.5411615371704102,1,54,280,0,0,0.590349018573761,0.4096509516239166,0,bert_only_correct
253,"After 18 months , Nissen found that Lipitor stopped plaque buildup in the patients ' arteries .","After 18 months , the atorvastatin patients had no change in the plaque in their arteries .",0,1,0.8192793726921082,0.8192793726921082,0,34,186,1,1,0.5963080525398254,0.5963080525398254,0,both_wrong
254,"Toll , Australia 's second-largest transport company , last week offered NZ75 a share for Tranz Rail .","Toll last week offered to buy the company for NZ75c a share , or $ NZ158 million .",1,0,0.6508985757827759,0.3491014540195465,0,36,184,0,0,0.7123164534568787,0.2876835465431213,0,both_wrong
255,""" This child was literally neglected to death , "" Armstrong County District Attorney Scott Andreassi said .",Armstrong County District Attorney Scott Andreassi said the many family photos in the home did not include Kristen .,0,0,0.9087792634963988,0.091220736503601,1,37,223,1,0,0.7388591766357422,0.2611407935619354,1,both_correct
256,"Wal-Mart , the nation 's largest private employer , has expanded its antidiscrimination policy to protect gay and lesbian employees , company officials said Tuesday .","Wal-Mart Stores Inc . , the nation 's largest private employer , will now include gays and lesbians in its anti-discrimination policy , company officials said Wednesday .",1,1,0.8632347583770752,0.8632347583770752,1,54,336,1,1,0.9530110359191896,0.9530110359191896,1,both_correct
257,"Metro , bus and local rail services in France 's four largest towns -- Paris , Lyon , Lille and Marseille -- were severely disrupted , Europe 1 radio reported .","Subway , bus and suburban rail services in France 's four largest cities -- Paris , Lyon , Lille and Marseille -- were severely disrupted , transport authorities said .",1,1,0.8433045744895935,0.8433045744895935,1,61,328,0,1,0.929086446762085,0.929086446762085,1,both_correct
258,"In the undergraduate case , Rehnquist said the use of race was not "" narrowly tailored "" to achieve the university 's asserted interest in diversity .",Rehnquist wrote that the system was not narrowly tailored to achieve the interest in educational diversity .,1,1,0.7500573992729187,0.7500573992729187,1,44,258,1,1,0.9007666110992432,0.9007666110992432,1,both_correct
259,"SP2 is basically about security enhancements to Windows , such as the improved Internet Connection Firewall ( ICF ) .",The firewall in the current Windows XP was known as the Internet Connection Firewall ( ICF ) .,0,0,0.9110656976699828,0.0889343842864036,1,38,211,1,0,0.6529814004898071,0.3470186293125152,1,both_correct
260,"A landslide in central Chungchong province derailed a Seoul-bound train and 28 passengers were injured , television said .","In central Chungchong province , a landslide caused a Seoul-bound Saemaeul Express train to derail , injuring 28 people , local television said .",1,1,0.7554652690887451,0.7554652690887451,1,43,267,0,1,0.9320372343063354,0.9320372343063354,1,both_correct
261,They will help draft a plan to attack obesity that Kraft will implement over three to four years .,The team will help draft a plan by the end of the year to attack obesity .,0,1,0.865198016166687,0.865198016166687,0,36,172,0,1,0.9363599419593812,0.9363599419593812,0,both_wrong
262,"But that amount would probably be impossible to pass in the Senate , where Republican moderates have refused to go above $ 350 billion .","Such an amount would probably be unable to summon a majority of the Senate , where Republican moderates have refused to go above $ 350 billion .",1,1,0.9119992256164552,0.9119992256164552,1,52,280,1,1,0.9598333835601808,0.9598333835601808,1,both_correct
263,"In the clash with police , Lt. Mothana Ali said about 1,000 demonstrators had gone to the station demanding jobs .","In Baghdad , police Lieut . Mothana Ali said about 1,000 demonstrators arrived at the station demanding jobs .",1,1,0.7966310977935791,0.7966310977935791,1,40,224,0,1,0.9763951301574708,0.9763951301574708,1,both_correct
264,Corixa shares rose 54 cents to $ 7.74 yesterday on the Nasdaq Stock Market .,"Shares of Corixa rose 54 cents , or about 8 percent , to close at $ 7.74 .",0,1,0.8622646331787109,0.8622646331787109,0,33,150,0,0,0.5059304237365723,0.4940695464611053,1,distilbert_only_correct
265,"Committee approval , expected today , would set the stage for debate on the Senate floor beginning Monday .",That would clear the way for debate in the full Senate beginning on Monday .,1,1,0.8949633836746216,0.8949633836746216,1,34,183,0,0,0.5332822799682617,0.4667176902294159,0,bert_only_correct
266,"O 'Brien was charged with leaving the scene of a fatal accident , a felony .","Bishop Thomas O 'Brien , 67 , was booked on a charge of leaving the scene of a fatal accident .",1,1,0.6315181255340576,0.6315181255340576,1,37,171,0,1,0.9396179914474488,0.9396179914474488,1,both_correct
267,Tom Hamilton said his daughter was conscious and alert and in stable condition after the attack Friday morning .,"Bethany , who remained in stable condition after the attack Friday morning , talked of the attack Saturday .",0,0,0.9169445037841796,0.0830554887652397,1,38,220,0,0,0.6481819152832031,0.3518180549144745,1,both_correct
268,"The Calgary woman , who is in her twenties , donated blood on Aug. 7 .",The woman -- who has no symptoms of illness -- donated blood Aug. 7 .,0,1,0.5119501948356628,0.5119501948356628,0,31,139,1,0,0.5254886746406555,0.4745113551616668,1,distilbert_only_correct
269,Quattrone lawyer John W. Keker said his client is innocent .,"In a statement Monday , his lawyer John Keker said ``Frank Quattrone is innocent .",1,1,0.8986828923225403,0.8986828923225403,1,26,142,1,1,0.9700268507003784,0.9700268507003784,1,both_correct
270,"In the weeks leading up to the execution , several Florida officials received anonymous threatening letters .","Several Florida officials connected to the case have received threatening letters , accompanied by rifle bullets .",0,1,0.5464568734169006,0.5464568734169006,0,34,223,1,0,0.7177410125732422,0.2822589874267578,1,distilbert_only_correct
271,The disagreement over online music sales was disclosed in documents filed last week with the judge and made available by the court yesterday .,The fight over online music sales was disclosed in documents made available Monday by the court .,1,1,0.934794008731842,0.934794008731842,1,41,239,0,1,0.982947051525116,0.982947051525116,1,both_correct
272,Parson was charged with intentionally causing and attempting to cause damage to protected computers .,Parson is charged with one count of intentionally causing damage to a protected computer .,1,1,0.9218668937683104,0.9218668937683104,1,30,191,0,1,0.97934490442276,0.97934490442276,1,both_correct
273,""" The court and the public need to know much more of the details of the defendant 's seemingly massive fraud , "" the judge said .",""" The court and the public need to know more of the defendants ' seemingly massive fraud , "" he said .",1,1,0.9296774864196776,0.9296774864196776,1,49,231,1,1,0.978975474834442,0.978975474834442,1,both_correct
274,The U.S. Supreme Court will hear arguments on Wednesday on whether companies can be sued under the Americans with Disabilities Act for refusing to rehire rehabilitated drug users .,The high court will hear arguments today on whether companies can be sued under the ADA for refusing to rehire rehabilitated drug users .,1,1,0.9182132482528688,0.9182132482528688,1,53,317,0,1,0.9785242080688475,0.9785242080688475,1,both_correct
275,The IRS said taxpayers can avoid undelivered checks by having refunds deposited directly into their checking or savings accounts .,The IRS said taxpayers can avoid problems with lost or stolen refunds by having refunds deposited directly into personal checking or savings accounts .,1,1,0.9124120473861694,0.9124120473861694,1,44,281,0,1,0.9828072786331176,0.9828072786331176,1,both_correct
276,""" More than 70,000 men and women from bases in Southern California were deployed in Iraq .","In all , more than 70,000 troops based in Southern California were deployed to Iraq .",1,1,0.8311483860015869,0.8311483860015869,1,33,175,0,1,0.9593605995178224,0.9593605995178224,1,both_correct
277,BP shares slipped 0.8 percent to 433.50 pence ( $ 6.85 ) each in afternoon trading on the London Stock Exchange .,BP shares slipped 48 cents to $ 41.72 Friday in trading on the New York Stock Exchange .,1,1,0.7810891270637512,0.7810891270637512,1,40,201,1,1,0.5056496262550354,0.5056496262550354,1,both_correct
278,"Because of the accounting charge , the company now says it lost $ 1.04 billion , or 32 cents a share , in the quarter ended June 30 .","Including the charge , the Santa Clara , Calif.-based company said Monday it lost $ 1.04 billion , or 32 cents per share , in the period ending June 30 .",1,1,0.915980577468872,0.915980577468872,1,60,286,1,1,0.938141107559204,0.938141107559204,1,both_correct
279,Friday 's report raised new worries that a weak job market could shackle the budding economic recovery despite a slight improvement in the overall unemployment rate .,"U.S. companies slashed payrolls for a seventh straight month in August , raising new worries that a weak jobs market could shackle the budding economic recovery .",0,0,0.9506864547729492,0.0493135750293731,1,54,328,1,0,0.7955294251441956,0.2044705301523208,1,both_correct
280,Federal Emergency Management Administration designated $ 20 million to establish the registry .,The registry was launched with $ 20 million from the Federal Emergency Management Agency .,1,1,0.9053470492362976,0.9053470492362976,1,28,185,0,1,0.7150343060493469,0.7150343060493469,1,both_correct
281,"BREAST cancer cases in the UK have hit an all-time high with more than 40,000 women diagnosed with the disease each year , Cancer Re-search UK revealed yesterday .","Cases of breast cancer in Britain have reached a record high , with the number of women diagnosed with the disease passing the 40,000 mark for the first time .",1,1,0.6478857398033142,0.6478857398033142,1,59,322,1,1,0.8431335687637329,0.8431335687637329,1,both_correct
282,""" It was never our intention to sell the product , "" said Health Minister Anne McClellan , a skeptic of medical marijuana use .",""" It was never the intention of us to sell product , "" federal Health Minister Anne McLellan said yesterday in Edmonton .",1,1,0.8700246214866638,0.8700246214866638,1,48,248,1,0,0.5800941586494446,0.4199059009552002,0,bert_only_correct
283,"GM , the world 's largest automaker , has 115,000 active UAW workers and another 340,000 retirees and spouses .","They cover more than 300,000 UAW workers and 500,000 retirees and spouses .",0,0,0.8990383148193359,0.1009616926312446,1,33,186,1,0,0.7008479237556458,0.2991520464420318,1,both_correct
284,"Rosenthal is hereby sentenced to custody of the Federal Bureau of prisons for one day with credit for time served , "" Breyer said to tumultuous cheers in the courtroom .",""" Rosenthal is hereby sentenced to custody of the Federal Bureau of Prisons for one day with credit for time served . """,0,1,0.6968749165534973,0.6968749165534973,0,54,288,0,0,0.7154147028923035,0.2845852673053741,1,distilbert_only_correct
285,""" We are committed to helping the Iraqi people get on the path to a free society , "" Rumsfeld said in a speech to the Council on Foreign Relations .",""" We are committed to helping the Iraqi people get on the path to a free society , "" he said .",1,1,0.8993055820465088,0.8993055820465088,1,53,242,0,1,0.9778887033462524,0.9778887033462524,1,both_correct
286,Mr. Young said he was disappointed that the government didn 't see the severe acute respiratory syndrome crisis as worthy of federal disaster-relief money .,Young said he was disappointed the government didn 't see the SARS crisis as worthy of federal disaster relief money .,1,1,0.9321727752685548,0.9321727752685548,1,46,274,0,1,0.9802926182746888,0.9802926182746888,1,both_correct
287,The 12-nation currency has risen by 33 percent against the dollar over the past 15 months .,The euro is up 9 percent against the dollar in the past six weeks .,1,1,0.6445297598838806,0.6445297598838806,1,32,158,0,1,0.5700563788414001,0.5700563788414001,1,both_correct
288,"In February 2000 , the officers — Kenneth Boss , Sean Carroll , Edward McMellon and Richard Murphy — were acquitted of all charges in the killing .","The officers -- Kenneth Boss , Sean Carroll , Edward McMellon and Richard Murphy -- were acquitted in 2000 of state murder charges .",1,1,0.9030203223228456,0.9030203223228456,1,52,279,0,1,0.9327871203422546,0.9327871203422546,1,both_correct
289,I was surprised it turned out me talking and the president just listening .,""" I was surprised it turned out me talking and the president just listening . . . It was mostly a monologue . """,1,1,0.5938051342964172,0.5938051342964172,1,38,186,1,1,0.6137469410896301,0.6137469410896301,1,both_correct
290,The state 's House delegation currently consists of 17 Democrats and 15 Republicans .,Democrats hold a 17-15 edge in the state 's U.S. House delegation .,1,0,0.8174440860748291,0.1825559288263321,0,27,152,0,0,0.5879358053207397,0.4120641946792602,0,both_wrong
291,Freddie also said Leland C. Brendsel will retire as chairman and chief executive and resign from the board .,"He replaces Leland Brendsel , 61 , who retired as chairman and chief executive .",0,0,0.9134743213653564,0.0865257084369659,1,34,188,0,0,0.7380350828170776,0.2619649171829223,1,both_correct
292,We 'll be listening carefully to the [ IAEA ] director general 's report at the next board meeting .,""" We 'll be listening carefully to the ( IAEA ) director-general 's report at the next board meeting . """,1,1,0.9359455704689026,0.9359455704689026,1,41,204,0,1,0.9797613620758056,0.9797613620758056,1,both_correct
293,"In that position , Elias will report to Joe Tucci , president and CEO of EMC .","As executive vice president of new ventures , Elias will report to Joe Tucci , EMC 's president and chief executive .",1,1,0.8812363743782043,0.8812363743782043,1,39,195,0,1,0.9705143570899964,0.9705143570899964,1,both_correct
294,But with the PM due to leave tomorrow afternoon for personal reasons there was a risk he might not be present when the final decision was made .,"But with the Prime Minister due to leave tomorrow , a day early , he may not be present when the final decision is made .",1,1,0.9109096527099608,0.9109096527099608,1,54,265,1,1,0.957446038722992,0.957446038722992,1,both_correct
295,"A pro-independence radical , Miodrag Zivkovic , of the Liberal Alliance , came in second with 31 percent of the vote .","Miodrag Zivkovic , of the Liberal Alliance of Montenegro , won 31 percent of the vote while the independent Dragan Hajdukovic got four percent .",0,0,0.8243892788887024,0.1756107360124588,1,47,262,0,0,0.6645582318305969,0.3354417383670807,1,both_correct
296,"Mr. Kerkorian tried unsuccessfully to take over Chrysler in 1995 , but did win representation on its board .",Kerkorian and Tracinda had also tried to take over Chrysler in 1995 .,0,0,0.895517885684967,0.1044821366667747,1,32,177,1,0,0.7445593476295471,0.2554405927658081,1,both_correct
297,Glover spoke at a news conference that included about 20 relatives of the victims .,About 20 family members of the victims were invited to the news conference .,0,1,0.7019116878509521,0.7019116878509521,0,29,159,0,1,0.8912004828453064,0.8912004828453064,0,both_wrong
298,"Drax faced a financial crisis late last year after it lost its most lucrative sales contract , held with insolvent utility TXU Europe .","Drax ’ s troubles began late last year when it lost its most lucrative sales contract , with the insolvent utility TXU Europe .",1,1,0.9300383925437928,0.9300383925437928,1,48,262,0,1,0.9647095799446106,0.9647095799446106,1,both_correct
299,"But I would rather be talking about high standards than low standards . """,""" I would rather be talking about positive numbers rather than negative .",1,0,0.8427531123161316,0.157246857881546,0,27,146,1,1,0.9416974782943726,0.9416974782943726,1,distilbert_only_correct
300,"It was not immediately known how many people were on flight UTA 141 , which could carry 141 passengers and crew .","It was still not known exactly how many people were on the plane , which could carry 141 passengers and crew .",1,1,0.9267357587814332,0.9267357587814332,1,44,223,1,1,0.978569746017456,0.978569746017456,1,both_correct
301,The market remains pinned in a narrow range after a powerful rally drove the broad Standard & Poor 's 500 index .SPX up more than 20 percent since mid-March .,The market remains pinned in a narrow range after a powerful rally pushed the broad S & P 500 index up more than 20 percent since mid-March .,1,1,0.9238479733467102,0.9238479733467102,1,58,299,0,1,0.9707104563713074,0.9707104563713074,1,both_correct
302,"Witnesses said they believed the man planned to crash the Launceston-bound Qantas flight 1737 , which was carrying 47 passengers and six crew .","Witnesses believe he wanted to crash Flight 1737 , which had 47 passengers and six crew .",1,1,0.8867589235305786,0.8867589235305786,1,41,232,0,1,0.9465615153312684,0.9465615153312684,1,both_correct
303,"As Samudra sat down to hear the indictment , he looked over to his nine lawyers and shouted ``God is Great ' ' three times .","As he sat down to hear the indictment , Samudra looked over to his nine lawyers and shouted "" Takbir ! "" , or "" Proclaim ! "" , a religious rallying cry .",1,0,0.7283233404159546,0.2716767191886902,0,60,277,0,0,0.6409443616867065,0.3590556383132934,0,both_wrong
304,"In hardest-hit Taipei , traffic has disappeared from once bustling streets , ubiquitous department stores stand mostly empty and restaurants are eerily quiet .","In hardest-hit Taipei , traffic has disappeared from once-bustling streets and department stores and restaurants are virtually empty .",1,1,0.895330548286438,0.895330548286438,1,43,293,0,1,0.8851461410522461,0.8851461410522461,1,both_correct
305,"In a statement , Lee said he "" no longer believes that Viacom deliberately intended to trade on my name when naming Spike TV . ""","Spike Lee no longer believes that Viacom deliberately intended to trade on his name by calling its own venture "" Spike TV , "" according to a statement read in court Tuesday .",1,1,0.8815937638282776,0.8815937638282776,1,59,302,1,1,0.9813119769096376,0.9813119769096376,1,both_correct
306,"Singapore Prime Minister Goh Chok Tong says China plays an important role in the integration of Asia , including managing the stresses and strains both within and between countries .","HAINAN PROVINCE , China : Singapore Prime Minister Goh Chok Tong said China plays an important role in the integration of Asia .",0,0,0.8630639910697937,0.1369360834360122,1,53,310,0,0,0.7409299612045288,0.2590700685977936,1,both_correct
307,"The worm attacks Windows computers via a hole in the operating system , an issue Microsoft on July 16 had warned about .","The worm attacks Windows computers via a hole in the operating system , which Microsoft warned of 16 July .",1,1,0.9193078875541688,0.9193078875541688,1,43,227,0,1,0.9817257523536682,0.9817257523536682,1,both_correct
308,"The premium edition adds OfficeFront Page 2003 , Acceleration Server 2000 , and SQL Server 2000 .","The premium edition adds ISA Server , SQL Server and a specialized edition of BizTalk 2004 .",0,0,0.638831377029419,0.361168622970581,1,34,189,0,0,0.6929463744163513,0.307053655385971,1,both_correct
309,"In the year-ago quarter , the steelmaker recorded a profit of $ 16.2 million , or 15 cents per share , on sales of $ 1.14 billion .","In the second quarter last year , AK Steel reported a profit of $ 16.2 million , or 15 cents a share .",0,1,0.8560623526573181,0.8560623526573181,0,51,233,0,1,0.882541835308075,0.882541835308075,0,both_wrong
310,Sony claimed that the reader 's capacitance sensing technology cannot be fooled by paper copies and does not require cleaning .,Its capacitance sensing technology electronically reads a fingerprint ; Sony says it can 't be fooled by paper copies and doesn 't require cleaning .,0,1,0.8717957735061646,0.8717957735061646,0,46,276,1,1,0.9800990223884584,0.9800990223884584,0,both_wrong
311,"Amazon.com shipped out more than a million copies of the new book , making Saturday the largest distribution day of a single item in e-commerce history .","Amazon.com shipped more than a million copies by Saturday afternoon , making Saturday the largest distribution day of a single item in e-commerce history .",1,1,0.8501375317573547,0.8501375317573547,1,52,308,1,1,0.980288028717041,0.980288028717041,1,both_correct
312,The show 's closure affected third-quarter earnings per share by a penny .,The company said this impacted earnings by a penny a share .,1,1,0.6958009600639343,0.6958009600639343,1,25,134,0,0,0.7114493250846863,0.2885506451129913,0,bert_only_correct
313,"After the two-hour meeting on May 14 , publisher Arthur O. Sulzberger Jr . , executive editor Howell Raines and managing editor Gerald Boyd pledged quick remedies to staff grievances .","The committee will make recommendations to Publisher Arthur Sulzberger , Executive Editor Howell Raines and Managing Editor Gerald Boyd .",0,0,0.9067243933677672,0.093275636434555,1,51,321,0,0,0.7438915371894836,0.2561084628105163,1,both_correct
314,It 's been a busy couple of days for security gurus assigned to keep their companies safe and sound .,It 's been a busy couple of days for enterprise security gurus tasked with the job of keeping their companies safe and sound .,1,1,0.9368870854377748,0.9368870854377748,1,44,227,0,1,0.9770123958587646,0.9770123958587646,1,both_correct
315,Lu reclined in a soft chair wearing a woolly coat near the blackened capsule .,""" It 's great to be back home , "" said Lu , dressed in a woolly coat near the blackened capsule .",0,1,0.5410560965538025,0.5410560965538025,0,38,175,0,0,0.5128015875816345,0.4871984124183655,1,distilbert_only_correct
316,Gov. Bob Riley proposed the budget cuts after Alabama voters rejected his $ 1.2 billion tax plan Sept . 9 .,"After Alabama voters rejected his $ 1.2 billion tax plan Sept . 9 , Riley forecast significant cuts in state programs .",1,0,0.8023080229759216,0.1976919323205948,0,43,226,0,0,0.7357816100120544,0.2642183899879455,0,both_wrong
317,""" It is probably not the easiest time to come in and take over the shuttle program , but then again , I look forward to the challenge , "" he said .",""" It 's probably not the easiest time to come in and take over the shuttle program , but I look forward to the challenge , "" Parsons told reporters at NASA headquarters .",1,1,0.8949133157730103,0.8949133157730103,1,67,317,1,1,0.9787355065345764,0.9787355065345764,1,both_correct
318,Estonia 's place in the European mainstream and safeguard its independence regained in 1991 .,Estonia was forcibly incorporated in the Soviet Union in 1940 and regained its independence only in 1991 .,0,0,0.8871893882751465,0.1128106787800788,1,33,199,0,0,0.6914670467376709,0.3085329532623291,1,both_correct
319,Franklin County Judge-Executive Teresa Barton said a firefighter was struck by lightning and was taken to the Frankfort Regional Medical Center .,"A county firefighter , was struck by lightning and was in stable condition at Frankfort Regional Medical Center .",0,0,0.56730055809021,0.43269944190979,1,41,258,0,0,0.7445704340934753,0.2554295659065246,1,both_correct
320,"Police suspected that Shaichat , 20 , had been abducted either by Palestinians or by Israeli Arabs .","Nobody claimed responsibility for Schaichat 's death , but police suspect that the 20-year-old soldier was abducted either by Palestinians or Israeli Arabs .",0,0,0.8115349411964417,0.1884650588035583,1,42,257,1,0,0.7112171053886414,0.2887828648090362,1,both_correct
321,"During this year 's August to October quarter , Lowe 's opened 38 new stores , including two relocations .","During the third quarter , Lowe 's opened 38 new stores and now has 932 stores in 45 states .",0,0,0.9332702159881592,0.0667297467589378,1,40,199,1,0,0.7722836136817932,0.2277164310216903,1,both_correct
322,"The technology-laced Nasdaq Composite Index < .IXIC > declined 25.78 points , or 1.56 percent , to 1,627.84 .","The broader Standard & Poor 's 500 Index .SPX gave up 11.91 points , or 1.19 percent , at 986.60 .",0,0,0.9584197402000428,0.0415802411735057,1,40,207,1,0,0.8408343195915222,0.1591656804084777,1,both_correct
323,"Sony said the PSP would also feature a 4.5-inch LCD screen , Memory Stick expansion slots .",It also features a 4.5 in back-lit LCD screen and memory expansion facilities .,1,0,0.74949049949646,0.2505095303058624,0,31,170,0,1,0.8628440499305725,0.8628440499305725,1,distilbert_only_correct
324,"Clinton did not mention that two Democratic senators , Charles Robb of Virginia and Wendell Ford of Kentucky , voted to shelve the McCain bill .","Two Democrats , Sen. Charles Robb of Virginia and Wendell Ford of Kentucky , voted with the 40 Republicans .",0,0,0.944011688232422,0.0559882409870624,1,46,252,1,0,0.6585906147956848,0.3414093554019928,1,both_correct
325,"Some of the company 's software developers will join Microsoft , but details haven 't been finalized , said Mike Nash , corporate vice president of Microsoft 's security business unit .","Some of the companys software developers will join Microsoft , but details havent been finalized , said Mike Nash , corporate vice president of Microsofts security business unit .",1,1,0.9384909868240356,0.9384909868240356,1,61,364,1,1,0.980665385723114,0.980665385723114,1,both_correct
326,Wal-Mart has said it plans to open at least 40 Supercenters in the state in the coming years ; analysts expect four or more to be in San Diego County .,"At least 40 of the outlets will be in California , and analysts expect four or more to be in San Diego County .",0,1,0.5014356970787048,0.5014356970787048,0,55,262,0,1,0.7504611611366272,0.7504611611366272,0,both_wrong
327,"Cintas is battling efforts to unionize 17,000 of its workers and to let unions organize the workers by signing cards , rather than by a lengthy election process .","Cintas is battling efforts to unionize 17,000 of its workers and labor 's demands to let its workers organize by signing cards , rather than by a lengthy election process .",1,1,0.9314802289009094,0.9314802289009094,1,60,334,0,1,0.9761080145835876,0.9761080145835876,1,both_correct
328,"The opposition would resort to rolling mass action "" at strategic times of our choice and without warning to the dictatorship , "" he said .",""" From now onwards we will embark on rolling mass action at strategic times of our choice and without any warning to the dictatorship , "" he said .",1,1,0.9119375348091124,0.9119375348091124,1,55,286,1,1,0.9803419709205629,0.9803419709205629,1,both_correct
329,Federal Agriculture Minister Warren Truss said the Government still did not know the real reason the sheep were rejected at the Saudi port of Jeddah on August 21 .,He said the Government still did not know the real reason the original Saudi buyer pulled out on August 21 .,1,1,0.658038854598999,0.658038854598999,1,50,271,1,1,0.5304352045059204,0.5304352045059204,1,both_correct
330,"Tom Kraynak , manager of operations and resources for the Canton , Ohio-based East Central Area Reliability Council , said that scenario is one among many that investigators are considering .","Tom Kraynak , manager of operations and resources for the Canton , Ohio-based East Central Area Reliability Council , said investigators are considering the scenario .",1,1,0.9235239624977112,0.9235239624977112,1,57,358,0,1,0.9823806285858154,0.9823806285858154,1,both_correct
331,Hester said Sanmina was the best fit among several purchase offers the company received from electronics manufacturers and computer makers .,Hester said Sanmina 's offer was the best among several Newisys received from electronics manufacturers and computer makers .,1,1,0.9227041602134703,0.9227041602134703,1,40,265,0,1,0.9807790517807008,0.9807790517807008,1,both_correct
332,"The other inmate fell but Selenski shimmed down the makeshift rope to a second-story roof and used the mattress to scale a razor-wire fence , Fischi said .","After the other inmate fell , Selenski used the mattress to scale a 10-foot , razor-wire fence , Fischi said .",0,1,0.8109391927719116,0.8109391927719116,0,49,265,1,1,0.9721540212631226,0.9721540212631226,0,both_wrong
333,"The hearing , expected to last a week , will determine whether Akbar faces a court-martial .",The purpose of the hearing is to determine whether Akbar should be court-martialled .,1,1,0.904512882232666,0.904512882232666,1,31,177,0,1,0.858938992023468,0.858938992023468,1,both_correct
334,He said he has begun a court action to seize Beacon Hill 's assets and has frozen more than $ 13 million Beacon Hill had when it closed .,He said he has initiated a forfeiture action in court and frozen more than $ 13 million Beacon Hill had when it closed .,1,1,0.9104027152061462,0.9104027152061462,1,53,257,0,1,0.9771201610565186,0.9771201610565186,1,both_correct
335,"Speaking for the first time yesterday , Brigitte 's maternal aunt said his family was unaware he had was in prison or that he had remarried .","Brigitte 's maternal aunt said his family was unaware he had been sent to prison , or that he had remarried in Sydney .",1,1,0.929042100906372,0.929042100906372,1,51,260,0,1,0.9636214375495912,0.9636214375495912,1,both_correct
336,""" Close co-operation between our law enforcement agencies , close co-operation between our intelligence services lie at the heart of the ongoing fight against terrorism . ""","Close cooperation between regional law enforcement agencies and intelligence services was at the heart of the fight against terrorism , he said .",1,1,0.9142323136329652,0.9142323136329652,1,50,317,0,1,0.984390676021576,0.984390676021576,1,both_correct
337,The mother of a Briton held by Colombian guerrillasspoke of her relief yesterday after hearing that he might be freed in the next few weeks .,The parents of a Briton being held hostage by Colombian rebels spoke yesterday of their optimism that he would be freed in time for his birthday next month .,0,1,0.9316821694374084,0.9316821694374084,0,55,298,0,1,0.9797658324241638,0.9797658324241638,0,both_wrong
338,We strongly disagree with Novell 's position and view it as a desperate measure to curry favor with the Linux community .,"McBride characterized Novell 's move as "" a desperate measure to curry favor with the Linux community . """,0,0,0.606552004814148,0.3934480547904968,1,41,226,1,1,0.8036030530929565,0.8036030530929565,0,bert_only_correct
339,"After more than two years ' detention under the State Security Bureau , the four were found guilty of subversion in Beijing 's No. 1 Intermediate Court last Wednesday .","After more than two years in detention by the State Security Bureau , the four were found guilty last Wednesday of subversion .",1,1,0.8929805159568787,0.8929805159568787,1,53,295,1,1,0.9437706470489502,0.9437706470489502,1,both_correct
340,"Mr Russell , 46 , a coal miner from Brisbane , said : "" They are obviously hurting , so we are basically going over there to help them . """,""" They are obviously hurting so we are basically going over there to help them , "" Russell , 46 , said .",1,1,0.8943517208099365,0.8943517208099365,1,54,242,0,1,0.9729465246200562,0.9729465246200562,1,both_correct
341,"The New York Democrat and former first lady has said she will not run for the White House in 2004 , but has not ruled out a race in later years .",The former first lady has said she will not run for the White House in 2004 but has not ruled out a race later on .,1,1,0.9208386540412904,0.9208386540412904,1,58,260,1,1,0.9777505397796632,0.9777505397796632,1,both_correct
342,It does not affect the current Windows Media Player 9.0 Series .,Windows Media Player has had security problems before .,0,0,0.5590733289718628,0.4409267008304596,1,21,119,1,0,0.7390939593315125,0.2609060108661651,1,both_correct
343,"The seizure took place at 4 a.m. on March 18 , just hours before the first American air assault .","The time was about 4 a.m. on March 18 , just hours before the first pinpoint missiles rained down on the capital .",0,0,0.8000828623771667,0.1999170929193496,1,43,211,0,0,0.6484552621841431,0.3515446782112121,1,both_correct
344,"Donations stemming from the Sept . 11 attacks helped push up contributions to human service organizations and large branches of the United Way by 15 percent and 28.6 percent , respectively .",Donations stemming from the Sept . 11 attacks helped push up contributions to human service organizations by 15 percent and to large branches of the United Way by 28.6 percent .,1,1,0.9237236380577089,0.9237236380577089,1,63,367,1,1,0.9683749675750732,0.9683749675750732,1,both_correct
345,"In May , Mr. Hatfill said he was struck by a vehicle being driven by an FBI employee who was tailing him in Georgetown .","Last May , Hatfill was struck by a vehicle being driven by an FBI employee who was tailing him in Washington 's Georgetown neighborhood .",1,1,0.9313302636146544,0.9313302636146544,1,50,257,0,1,0.978557288646698,0.978557288646698,1,both_correct
346,""" I will support a constitutional amendment which would honor marriage between a man and a woman , codify that , "" he said .",""" If necessary , I will support a constitutional amendment which would honour marriage between a man and a woman , codify that . """,1,1,0.9196591973304749,0.9196591973304749,1,50,254,1,1,0.9394983649253844,0.9394983649253844,1,both_correct
347,IBM of the US and Infineon Technologies of Germany will today announce a technological development that could threaten multi-billion dollar memory chip markets .,IBMof the US andInfineon Technologies of Germany willon Tuesdayannounce a technological development that could threaten multi-billion dollar memory chip markets .,1,1,0.9392553567886353,0.9392553567886353,1,45,323,1,1,0.982049286365509,0.982049286365509,1,both_correct
348,"Costa 's semifinal opponent is Spaniard Juan Carlos Ferrero , whom he beat in last year 's final .",Costa will play Juan Carlos Ferrero next in a rematch of last year 's final .,0,1,0.8041644096374512,0.8041644096374512,0,35,175,0,1,0.6019051671028137,0.6019051671028137,0,both_wrong
349,A former employee of a local power company pleaded guilty Wednesday to setting off a bomb that knocked out a power substation during the Winter Olympics last year .,A former Utah Power meter reader pleaded guilty Wednesday to bombing a power substation during the 2002 Winter Olympics .,1,1,0.9219287037849426,0.9219287037849426,1,49,285,1,1,0.9775373935699464,0.9775373935699464,1,both_correct
350,Thyroid hormones are known to help in weight loss by stimulating metabolism - and cutting cholesterol - but come with the unwanted side effect of speeding up the heartbeat .,"Thyroid hormones are known to help in weight loss by stimulating metabolism , and they can help cut cholesterol too .",0,0,0.5723702311515808,0.4276297986507416,1,51,290,1,0,0.7159335017204285,0.2840664982795715,1,both_correct
351,"Judge Craig Doran said it wasn 't his role to determine if Hovan was "" an evil man "" but maintained that "" he has committed an evil act . ""","Judge Craig Doran said he couldn 't determine if Hovan was "" an evil man "" but said he "" has committed an evil act . """,1,1,0.9208896160125732,0.9208896160125732,1,58,257,1,1,0.9832499623298644,0.9832499623298644,1,both_correct
352,"The Hartford shares rose $ 2.88 , or 6.6 percent , to close Monday at $ 46.50 on the New York Stock Exchange .",Shares of Hartford rose $ 2.88 to $ 46.50 in New York Stock Exchange composite trading .,0,1,0.8398795127868652,0.8398795127868652,0,41,198,0,1,0.5098070502281189,0.5098070502281189,0,both_wrong
353,It also offers a built-in NAND flash boot loader so that high-density NAND flash memory can be used without having to install an additional support chip .,"The S3C2440 has a built-in NAND flash boot loader , for example , so that high-density NAND flash memory can be installed without an additional support chip .",1,1,0.91409832239151,0.91409832239151,1,55,312,0,1,0.9549130201339722,0.9549130201339722,1,both_correct
354,"It decided instead to issue them before the stock market opened Monday after the downgrade of its debt late Friday by Moody 's , the credit rating agency .",It decided instead to issue them before the stock market opened Monday to counteract the downgrade of its debt late Friday by Moody 's to one step above junk status .,0,0,0.8791800737380981,0.1208199113607406,1,60,321,0,0,0.7797377109527588,0.2202622890472412,1,both_correct
355,Altria shares fell 2.5 percent or $ 1.11 to $ 42.57 and were the Dow 's biggest percentage loser .,"Its shares fell $ 9.61 to $ 50.26 , ranking as the NYSE 's most-active issue and its biggest percentage loser .",0,1,0.5765305161476135,0.5765305161476135,0,42,209,0,0,0.7918176651000977,0.2081823498010635,1,distilbert_only_correct
356,"It will be followed in November by a third movie , "" The Matrix Revolutions . ""","The film is the second of a trilogy , which will wrap up in November with "" The Matrix Revolutions . """,1,1,0.900941789150238,0.900941789150238,1,39,181,1,1,0.9557663202285768,0.9557663202285768,1,both_correct
357,Massachusetts regulators and the Securities and Exchange Commission on Tuesday pressed securities fraud charges against Putnam Investments and two of its former portfolio managers for alleged improper mutual fund trading .,State and federal securities regulators filed civil charges against Putnam Investments and two portfolio managers in the ever-expanding mutual fund trading scandal .,1,1,0.5532146096229553,0.5532146096229553,1,54,387,0,1,0.5455929040908813,0.5455929040908813,1,both_correct
358,"He is blocking them until the Air Force assigns four additional C-130 cargo planes to Gowen Field , an Idaho Air National Guard base in Boise .",He is holding them up until the Air Force agrees to assign four additional C-130 cargo planes to the Idaho Air National Guard .,1,1,0.9146440029144288,0.9146440029144288,1,51,270,0,1,0.9798363447189332,0.9798363447189332,1,both_correct
359,Cisco pared spending to compensate for sluggish sales .,"In response to sluggish sales , Cisco pared spending .",1,1,0.9138193726539612,0.9138193726539612,1,19,109,0,1,0.969892144203186,0.969892144203186,1,both_correct
360,"The study , published Monday in the journal Molecular Brain Research , is likely to also apply to humans , its authors said .","The study , conducted on the brains of developing mice , was being published today in the journal Molecular Brain Research .",0,0,0.7995988130569458,0.2004011571407318,1,46,249,0,1,0.6620712280273438,0.6620712280273438,0,bert_only_correct
361,"My decision today is not based on any one event . ""","Governor Rowland said his decision was "" not based on any one event . """,1,1,0.9179558157920836,0.9179558157920836,1,27,122,1,1,0.9796245098114014,0.9796245098114014,1,both_correct
362,"Nelson , 27 , is being retried on civil-rights charges stemming from the disturbance which led to Rosenbaum 's death .","Nelson , 27 , is being retried on civil rights charges stemming from the disturbance that led to Rosenbaum 's death .",1,1,0.9303125739097596,0.9303125739097596,1,43,235,0,1,0.9776975512504578,0.9776975512504578,1,both_correct
363,""" The government elements who have been causing trouble are still in place .","The government elements who have been causing trouble are still in place , they are attacking us . """,0,1,0.8230562210083008,0.8230562210083008,0,33,176,0,1,0.9591280817985536,0.9591280817985536,0,both_wrong
364,"Next Monday at about 2 p.m. ( CST ) , hospital officials in and near Chicago will notice a sudden increase in people complaining of flu-like symptoms .","Around the same time , hospital officials in and near Chicago will notice a sudden increase in people complaining of flu-like symptoms .",1,1,0.92074453830719,0.92074453830719,1,51,287,1,1,0.9448040127754213,0.9448040127754213,1,both_correct
365,"Wal-Mart Stores Inc . , Kohl 's Corp. , Family Dollar Stores Inc. and Big Lots Inc. were among the merchants posting May sales that fell below Wall Street 's modest expectations .","Wal- Mart , Kohl 's Corp. , Family Dollar Stores Inc . , and Big Lots Inc. posted May sales that fell below Wall Street 's modest expectations .",1,1,0.9368417859077454,0.9368417859077454,1,62,323,0,1,0.9791114926338196,0.9791114926338196,1,both_correct
366,The patch also fixes a vulnerability that results because IE does not implement an appropriate block on a file download dialog box .,The second vulnerability is a result of IE not implementing a block on a file download dialog box .,0,1,0.9201067686080932,0.9201067686080932,0,42,231,1,1,0.9509621262550354,0.9509621262550354,0,both_wrong
367,"Peterson , a former fertilizer salesman , is charged with murder in the deaths of his 27-year-old wife and the baby boy she was carrying .","Peterson , 31 , is now charged with murder in the deaths of his 27-year-old wife and their unborn son .",1,1,0.8772099614143372,0.8772099614143372,1,47,241,1,1,0.5352623462677002,0.5352623462677002,1,both_correct
368,SPOT products run a Microsoft operating system and the company 's DirectBand radio technology developed with SCA Data Systems .,The DirectBand network was developed with the assistance of SCA Data Systems .,0,0,0.6773802638053894,0.3226197361946106,1,33,205,1,0,0.643089234828949,0.3569107055664062,1,both_correct
369,"He replaces Ron Dittemore , who announced his resignation in April .",Dittemore announced his plans to resign on April 23 .,0,0,0.6539177298545837,0.3460822701454162,1,22,121,1,0,0.5966203808784485,0.4033795595169067,1,both_correct
370,"Detectives told Deasean 's father , Stelly Chisolm , a college student , and mother , Kimberly Hill , of the arrest shortly after Perry was apprehended .","Shortly after his arrest , detectives told Deasean 's father , Stelly Chisolm , a college student , and mother , Kimberly Hill , a medical assistant , about the development .",1,0,0.9071932435035706,0.0928067862987518,0,60,327,0,0,0.5528588891029358,0.4471411108970642,0,both_wrong
371,They were among about 40 people attending the traditional Jewish ceremony colored by some non-traditional touches .,He said about 40 people attended the traditional Jewish ceremony colored by some nontraditional touches .,1,1,0.9187309741973876,0.9187309741973876,1,33,220,1,1,0.9812275171279908,0.9812275171279908,1,both_correct
372,Taiwan had been relatively free of the viral infection until a fiasco at a Taipei hospital in late April caused the number of infections to skyrocket .,Taiwan had been relatively free of the viral infection until a severe outbreak at a Taipei hospital in late April .,1,1,0.8509482741355896,0.8509482741355896,1,48,266,0,1,0.7801870703697205,0.7801870703697205,1,both_correct
373,Mr. Rowland attended a party in South Windsor for the families of Connecticut National Guard soldiers called to active duty .,Rowland was making an appearance at a holiday party for families of Connecticut National Guard soldiers assigned to duty in Iraq and Afghanistan .,1,1,0.8665111064910889,0.8665111064910889,1,45,271,0,1,0.783158540725708,0.783158540725708,1,both_correct
374,"Ross Garber , Rowland 's lawyer , said Tuesday he would attend the meeting and would ask to speak on the issue .","Ross Garber , Rowland 's legal counsel , said the governor would have no comment on the condo deal .",0,0,0.9044138193130492,0.0955862328410148,1,43,212,1,0,0.7237823605537415,0.2762176096439361,1,both_correct
375,"The euro was at 1.5281 versus the Swiss franc EURCHF = , up 0.2 percent on the session , after hitting its highest since mid-2001 around 1.5292 earlier in the session .",The euro was steady versus the Swiss franc after hitting its highest since mid-2001 of 1.5261 earlier in the session .,0,1,0.5759276151657104,0.5759276151657104,0,53,286,0,0,0.6521844863891602,0.3478154838085174,1,distilbert_only_correct
376,"On the stand Wednesday , she said she was referring only to the kissing .","On the stand Wednesday , she testified that she was referring to the kissing before the alleged rape .",0,1,0.9029186367988586,0.9029186367988586,0,34,175,0,1,0.6133395433425903,0.6133395433425903,0,both_wrong
377,"Garner said the group would probably be expanded to include , for example , a Christian and perhaps another Sunni leader .",The group has already met several times and Gen. Garner said it probably will be expanded to include a Christian and perhaps another Sunni Muslim leader .,0,1,0.8021641373634338,0.8021641373634338,0,49,276,1,0,0.6442181468009949,0.3557818830013275,1,distilbert_only_correct
378,Blair 's Foreign Secretary Jack Straw was to take his place on Monday to give a statement to parliament on the European Union .,Blair 's office said his Foreign Secretary Jack Straw would take his place on Monday to give a statement to parliament on the EU meeting the prime minister attended last week .,1,1,0.8995038866996765,0.8995038866996765,1,56,303,0,1,0.9579811692237854,0.9579811692237854,1,both_correct
379,""" There were more people surrounding the clubhouse than the Unabomber 's house up in the hills , "" Baker said .",""" There are more people surrounding the clubhouse than surrounded the Unabomber 's home in the hills .",1,1,0.904269516468048,0.904269516468048,1,40,213,0,1,0.979282557964325,0.979282557964325,1,both_correct
380,"Charles O. Prince , 53 , was named as Mr. Weill 's successor .","Mr. Weill 's longtime confidant , Charles O. Prince , 53 , was named as his successor .",1,1,0.8550861477851868,0.8550861477851868,1,32,149,0,1,0.8287533521652222,0.8287533521652222,1,both_correct
381,"Officials are also meeting with the International Organization for Epizootics ( OIE ) , which establishes animal-health standards for the world .","Canadian officials were also expected to meet yesterday with the International Organization for Epizootics ( OIE ) , which establishes animal-health standards for the world .",1,1,0.9289264678955078,0.9289264678955078,1,48,319,0,1,0.978980839252472,0.978980839252472,1,both_correct
382,"GE stock closed Friday at $ 30.65 a share , down about 42 cents , on the New York Stock Exchange .",GE 's shares closed at $ 30.65 on Friday on the New York Stock Exchange .,0,1,0.8812729120254517,0.8812729120254517,0,38,171,0,0,0.792476236820221,0.207523837685585,1,distilbert_only_correct
383,"The Midwestern research center will focus on the development of diagnostic , therapeutic and vaccine products for anthrax , botulism , tularemia , hemorrhagic fever viruses and plague .","The Midwestern center will focus on diagnosis , treatment and vaccines for anthrax , botulism , tularemia , hemorrhagic fever viruses and plague .",1,1,0.9358172416687012,0.9358172416687012,1,53,331,1,1,0.9802289009094238,0.9802289009094238,1,both_correct
384,The hearing is to determine whether there is enough evidence to order Akbar to a general court-martial proceeding .,The purpose of the hearing is to determine whether Akbar should be court-martialled .,1,1,0.9041962027549744,0.9041962027549744,1,33,200,1,1,0.9582220315933228,0.9582220315933228,1,both_correct
385,"In the United States , heart attacks kill about 460,000 year , in Canada about 80,000 .","In the United States , heart attacks kill about 460,000 yearly , according to the National Institutes of Health .",0,1,0.8377610445022583,0.8377610445022583,0,37,200,0,1,0.9307291507720948,0.9307291507720948,0,both_wrong
386,Ninety-five percent of international cargo to the United States is carried by ship .,Ships carry 95 percent of international cargo to the United States .,1,1,0.8846253156661987,0.8846253156661987,1,26,152,0,1,0.861629068851471,0.861629068851471,1,both_correct
387,""" It 's a major victory for Maine , and it 's a major victory for other states .",The Maine program could be a model for other states .,0,0,0.7927326560020447,0.2072673588991165,1,30,133,0,1,0.7977271676063538,0.7977271676063538,0,bert_only_correct
388,News that oil producers were lowering their output starting in November exacerbated a sell-off that was already under way on Wall Street .,News that the Organization of Petroleum Exporting Countries was lowering output starting in November exacerbated a stock sell-off already under way yesterday .,1,1,0.921615183353424,0.921615183353424,1,46,297,1,1,0.9785021543502808,0.9785021543502808,1,both_correct
389,"They note that after several weeks of rallies on upbeat earnings , investors are looking for stronger evidence of a recovery before sending stocks higher .","After several weeks of market rallies on upbeat earnings , many investors are looking for more concrete signs of an economic recovery .",1,1,0.8823525905609131,0.8823525905609131,1,49,290,1,1,0.9423524141311646,0.9423524141311646,1,both_correct
390,"Most economists had expected a more dire report , with many anticipating the fifth month of job losses in six months .","Most economists had been expecting a far more dire report , with many expecting to see the fifth month of job losses in six months in September .",1,1,0.9239785075187684,0.9239785075187684,1,50,263,1,1,0.9740877747535706,0.9740877747535706,1,both_correct
391,"But software license revenues , a measure financial analysts watch closely , decreased 21 percent to $ 107.6 million .","License sales , a key measure of demand , fell 21 percent to $ 107.6 million .",1,1,0.8249746561050415,0.8249746561050415,1,37,196,1,0,0.5874062776565552,0.4125937223434448,0,bert_only_correct
392,"King , brand-name writer , master of the horror story and e-book pioneer , is receiving this year 's medal for Distinguished Contributions to American Letters .","Stephen King , master of the horror story and e-book pioneer , is receiving this year 's medal for Distinguished Contributions to American Letters from the National Book Foundation .",1,1,0.5412744283676147,0.5412744283676147,1,57,342,1,1,0.9801263213157654,0.9801263213157654,1,both_correct
393,The Denver-based natural gas producer and marketer said the inaccurate reporting was discovered after it received a subpoena from the U.S. Commodity Futures Trading Commission .,"The natural gas producer and marketer said the inaccurate reporting was discovered in response to a subpoena from the U.S. Commodity Futures Trading Commission , or CFTC .",1,1,0.9295203685760498,0.9295203685760498,1,54,348,0,1,0.9745237827301024,0.9745237827301024,1,both_correct
394,"The steel tariffs , which the U.S. president imposed in March 2002 , will officially end at midnight , instead of March 2005 as initially planned .","The U.S. steel tariffs , which Bush imposed in March 2002 , were to officially end at midnight Thursday ( 0500 GMT ) , instead of March 2005 as initially planned .",1,1,0.8725056648254395,0.8725056648254395,1,59,310,0,1,0.9239495396614076,0.9239495396614076,1,both_correct
395,Business Week 's online edition reported on Friday that WorldCom and the SEC could announce a settlement as early as Monday .,"BusinessWeek Online has learned that the settlement could come as early as Monday , May 19 .",1,1,0.9147248864173888,0.9147248864173888,1,39,217,1,1,0.707865834236145,0.707865834236145,1,both_correct
396,"Only one of the five buildings in the Baghdad compound of the United Nations Development Program escaped being burned , the UN said on its Web site .","Only one of the five buildings in the compound in Baghdad run by the UN Development Program , escaped being burned , the UN said on its Web site .",1,1,0.932483732700348,0.932483732700348,1,58,295,0,1,0.980703353881836,0.980703353881836,1,both_correct
397,Shares of Salix have rocketed 64 percent since Axcan made its first offer on April 10 .,"Since the initial takeover offer , Salix shares have risen about 35 percent .",1,1,0.8169287443161011,0.8169287443161011,1,31,164,0,1,0.686316728591919,0.686316728591919,1,both_correct
398,"The jury verdict , reached Wednesday after less than four hours of deliberation , followed a 2 week trial , during which Waagner represented himself .","The quick conviction followed a 2 1 / 2 week trial , during which the Venango County man represented himself .",1,1,0.8518064618110657,0.8518064618110657,1,47,260,0,1,0.5846768617630005,0.5846768617630005,1,both_correct
399,It 's happened five times in the last 11 years : A disaster puts this Southwestern town in the headlines during the summer tourist season .,"It 's happened five times in the last decade : A disaster puts this tourist town in the headlines during summer , its busiest season .",1,1,0.9321838617324828,0.9321838617324828,1,52,273,0,1,0.9754326939582824,0.9754326939582824,1,both_correct
400,"The broader Standard & Poor 's 500 Index .SPX edged down 9 points , or 0.98 percent , to 921 .","The technology-laced Nasdaq Composite Index < .IXIC > shed 15 points , or 0.98 percent , to 1,492 .",0,0,0.8759119510650635,0.1240880340337753,1,40,193,1,0,0.8388125896453857,0.161187469959259,1,both_correct
401,The company emphasized that McDonald 's USA does not import any raw beef or hamburger patties from Canada for McDonald 's use in the United States .,McDonald 's said in a statement that it does not import any raw beef or hamburger patties from Canada for use in the United States .,1,1,0.9293249249458312,0.9293249249458312,1,53,280,1,1,0.9818524718284608,0.9818524718284608,1,both_correct
402,"Gregory Parseghian , a former investment banker , was appointed chief executive .",Greg Parseghian was appointed the new chief executive .,1,1,0.587952196598053,0.587952196598053,1,22,136,0,1,0.7880739569664001,0.7880739569664001,1,both_correct
403,"Their contract will expire at 12 : 01 a.m. Wednesday instead of 12 : 01 a.m. Sunday , said Rian Wathen , organizing director for United Food and Commercial Workers Local 700 .",""" It has outraged the membership , "" said Rian Wathen , organizing director of United Food and Commercial Workers Local 700 .",0,0,0.9133150577545166,0.0866848975419998,1,56,300,0,0,0.7498719096183777,0.2501280903816223,1,both_correct
404,But plaque volume increased by 2.7 percent in pravastatin patients .,The volume of plaque in Pravachol patients ' arteries rose by 3 % .,1,0,0.7208176851272583,0.2791823148727417,0,25,135,1,0,0.5216040015220642,0.4783959984779358,0,both_wrong
405,"Today in the US , the book - kept under wraps by its publishers , G. P. Putnam 's Sons , since its inception - will appear in bookstores .","Tomorrow the book , kept under wraps by G. P. Putnam 's Sons since its inception , will appear in bookstores .",1,1,0.9363057017326356,0.9363057017326356,1,52,248,0,1,0.9779149293899536,0.9779149293899536,1,both_correct
406,"The S & P / TSX composite rose 87.74 points on the week , while the TSX Venture Exchange composite gained 44.49 points .","On the week , the Dow Jones industrial average rose 11.56 points , while the Nasdaq Stock Market gained 39.42 points .",0,0,0.9256365299224854,0.0743634402751922,1,46,238,0,1,0.5258197784423828,0.5258197784423828,0,bert_only_correct
407,Ex-KGB agent Putin added that the Beatles were considered ' propaganda of an alien ideology ' .,"In Soviet times the Beatles ' music "" was considered propaganda of an alien ideology .",1,1,0.6582158207893372,0.6582158207893372,1,33,181,0,1,0.9599992632865906,0.9599992632865906,1,both_correct
